"","EAN_UPC","Product_name"
"1","4000400001429","Knorr Sauce Béarnaise 250ml 250ml"
"2","8714100907993","Knorr Fix Würzmischung Gemüse-Gnocchi Pfanne für eine leckere Gemüsepfanne ohne geschmacksverstärkende Zusatzstoffe 28 g"
"3","4038700102232","Knorr Würzmittel Nachfüllpackung Aromat Gewürzmischung zum Verfeinern von Speisen für schnelle Gerichte 100 g"
"4","8711200389384","Pfanni Pueree Kuerbis   10x60g   BT"
"5","8714100399422","Knorr Natürlich Lecker Würstchen Gulasch, 9er Pack (9 x 3 Portionen)"
"6","8722700196983","Knorr Aromat Universal Streuwürzmittel, 1er Pack (1 x 1,5kg)"
"7","4038700319715","Knorr"
"8","9000275714610","Knorr Gemüsegold Bouillon Gemüsebrühe (rein pflanzlich, ausgeprägter Gemüsegeschmack) 1er Pack (1 x 1 kg)"
"9","4013300031342","Knorr  Honig-Senf Sauce milde Grillsauce mit Dill verfeinert 250 ml 1 Stück"
"10","8718114818528","Knorr Fix Nudel-Schinken Gratin 2 Portionen 28g"
"11","8712566479825","Knorr Geflügel Cremesuppe Trockenmischung (abgerundeter Geschmack) 1er Pack (1x 2,1kg)"
"12","4038700102515","Knorr Kräuterlinge Würzmischung zum Streuen Frühlingskräuter für Salatedressing, Gemüse und Aufläufe mit nachhaltig angebauten Kräutern 60 g"
"13","8714100953105","Pfanni  Kartoffel Snack mit Käse & Brokkoli leckeres Kartoffelgericht fertig in nur 3 Minuten 8x 50 g"
"14","4032600123038","Pfanni  Kartoffelfertiggericht Rösti ""Die Knusprigen""  aus nachhaltigem Anbau 400 g"
"15","8711200449699","KNORR Feinschmecker Rahmsauce zu Braten leckere hellbraune Sauce ohne geschmacksverstärkende Zusatzstoffe 23x 250 ml"
"16","8711200365555","Knorr  Gemüse Bouillon mit vollem Geschmack und natürlichen Zutaten 320 g"
"17","9000275699511","Knorr Sweety Kaiserschmarrn ohne Rosinen, 2 Portionen (1 x 185 g)"
"18","4007801306092","Knorr Curry Sauce ideal für Currywurst, Trockenmischung für Currysauce, 1er Pack (1 x 6 kg)"
"19","4038700119711","Knorr  Salatkrönung Croutinos mit Zwiebeln für einen leckeren Salat ohne geschmacksverstärkende Zusatzstoffe 25 g"
"20","9000275766107","Knorr Tomato Pronto, 1er Pack (1x 2000g)"
"21","8711200337965","Calve  Erdnussbutter Crunchy veganer Brotaufstrich als Proteinquelle für eine ausgewogene Ernährung 210 g"
"22","8714100699911","Knorr  Kartoffel Snack Speck & Zwiebeln leckeres Kartoffelgericht fertig in nur 5 Minuten 58 g"
"23","8712423003408","Knorr Mayonnaise 430ml 430ml"
"24","8720182301727","Hellmann's  Garlic & Herb Sauce leckere Grillsauce perfekt zu Fleisch, Fisch und Gemüse 250 ml 1 Stück"
"25","8720182052421","Knorr"
"26","8710604725569","Knorr Tomato al Gusto Nudelsosse Basilikum   370 g"
"27","8711200340026","Knorr"
"28","8722700644620","Knorr  Soße zu Schweinebraten leckere dunkle Soße ohne geschmacksverstärkende Zusatzstoffe 234 g 1 Stück"
"29","4007801106791","Knorr Rahmsauce (cremig, auch als Saucenbinder) 1er Pack (1 x 1 kg)"
"30","8714100823606","Knorr  Salatkrönung Italienische Art für ein leckeres Salatdressing mit natürlichen Zutaten* 5x 3 Portionen"
"31","8712566064946","Knorr Fix Würzmischung Gefüllte Ofen-Paprika für ein leckeres Ofengericht ohne geschmacksverstärkende Zusatzstoffe und Farbstoffe 43 g"
"32","0000040004877","Knorr Knorr Klarer Bratensaft Soße Würfel 1 Liter"
"33","4038700102508","Knorr Kräuterlinge Würzmischung zum Streuen Gartenkräuter für Gemüse, Salat Dressing und Eintöpfe mit nachhaltig angebauten Kräutern 60 g"
"34","8720182361301","Unbranded  Komplette Mahlzeit MIXED"
"35","4000400312150","Mondamin  Pfannkuchen Teig-Mix leckerer Pfannkuchenteig nur Milch zugeben und schütteln 8x 198 ml"
"36","4007801109075","Knorr Gemüsekrönung Butter Kräuter 1 kg"
"37","8718114828008","Knorr Fix Zucchini-Pfanne Toskana 42g 42g"
"38","8720182088987","Knorr  Delikatess Brühe im Glas mit würzigem Geschmack und ohne Farbstoffe und ohne Konservierungsstoffe lt. Gesetz 140 g"
"39","8712100823534","Knorr Professional Fischfond konzentriert (ausgewogene Basis für Saucen und Suppen) 1er Pack (1x1L)"
"40","4032600123014","Pfanni  Kartoffelfertiggericht Bratkartoffeln Die Herzhaften für eine schnelle Zubereitung mit 100% deutschen Kartoffeln 400 g"
"41","8710447846612","Hellmann's Deli Style Senfsauce (milder Geschmack) 8er Pack (8 x 250 ml)"
"42","8718114827865","Knorr Fix Würzmischung Waldpilz-Rahm Geschnetzeltes für ein leckeres Fleischgericht ohne geschmacksverstärkende Zusatzstoffe 40 g 1 Stück"
"43","4000400123282","Knorr Feinschmecker Sauce Hollandaise fettarm leckere Soße mit unter 1,5% Fett ohne geschmacksverstärkende Zusatzstoffe 250 ml 1 Stück"
"44","8711200340040","Knorr"
"45","8711200339914","Knorr Feinschmecker Tomatencremesuppe 500ml 59ml"
"46","4007801305279","Knorr Salatkrönung Paprika Kräuter Dressing (Basis für Salatdressing mit ausgesuchten Kräutern, Gewürzen und kräftiger Paprikanote) 1er Pack (1 x 5 kg)"
"47","8720182139559","Knorr  Gemüse Bouillon salzfrei und voll im Geschmack 85 g"
"48","4032600134119","Pfanni Gnocchi 500g 500g"
"49",NA,"Knorr Pasta Snack creamy pesto Becher, 4er Pack (4 x 68 g)"
"50","8711200857128","Knorr Sauce Hollandaise, 12er Pack (12 x 250 ml)"
"51","8720182055309","Knorr"
"52","8712100413049","Knorr Bärlauch Cremesuppe - gebunden - klar - trocken, 1,2 kg"
"53","8712100439308","Knorr feine Grünerbsen Suppe Trockenmischung (typischer Erbsen Geschmack mit leichter Specknote) 1er Pack (1 x 2,7 kg)"
"54","8712100162978","Knorr Zucchini Cremesuppe Trockenmischung (mit feinen Zucchiniwürfeln) 1er Pack (1 x 2,7 kg)"
"55","8712566410231","Knorr  Suppenliebe Spargelcreme Suppe leckere Gemüsesuppe ohne geschmacksverstärkende Zusatzstoffe und Farbstoffe 58 g 1 Stück"
"56","8718114824307","Knorr Fix Würzmischung Lachs-Sahne Gratin für einen leckeren Auflauf mit natürlichen Zutaten 2 Portionen"
"57","8714100720806","Knorr Kokosmilch Pulver (Milk Powder aus 20 frischen Kokosnüssen, ergibt 6,6 Liter Kokosmilch) 1er Pack (1 x 1 kg)"
"58","4000400112170","Mondamin  American Style Pancake Teig-Mix für 12 bis 14 leckere Pfannkuchen nur Milch zugeben und schütteln 215 g"
"59","8714100761748","Knorr Fix Gemüse Hähnchen Pfanne mit bunten Nudeln 33g 33g"
"60","40078011009525","Knorr Waldpilz Sauce, Braten, 1er Pack (1 x 1 kg)"
"61","8712566332175","Knorr  Suppenliebe Frühlingssuppe für Nudelsuppe mit leckerem Gemüse ohne geschmacksverstärkende Zusatzstoffe und Farbstoffe 3 Teller"
"62","4007801106708","Knorr Velouté Weisse Grundsauce, 1er Pack (1 x 1 kg)"
"63",NA,"Knorr Knoblauch Cremesuppe Trockenmischung (intensiver Knoblauchgeschmack) 1er Pack (1 x 2,7kg)"
"64","4038700102089","Knorr  Delikatess Brühe vegane Gemüse Brühe mit würzigem Geschmack 329 g"
"65",NA,"Mondamin Klassische Mehlschwitze dunkel (Für vegane und vegetarische Gerichte geeignet), 8er Pack (8 x 250 g)"
"66","4013300534010","Unox  Ochsenschwanzsuppe Suppe mit feinem Dessertwein ideal für schnelle Gerichte 6x 400 ml"
"67","8712100412615","Knorr Broccoli Cremesuppe Trockenmischung (mit hochwertigen Broccoliröschen) 1er Pack (1 x 1,5 kg)"
"68","4000400332394","Pfanni"
"69","4038700119704","Knorr Salatkrönung Croutinos mit Walnuss und Sojakernen für leckeren Salat ohne geschmacksverstärkende Zusatzstoffe 25 g"
"70","4032600122055","Pfanni  Kartoffelpüree der Klassiker besonders locker   240 g"
"71","9000275789403","Knorr Gemüse Grießnockerl (lockere Grießnockerl mit Gemüsestücken) 1er Pack (1 x 3 kg)"
"72","8711327405011","Hellmann's  Sauce mit Knoblauchnote ideal zum Dippen und Verfeinern beim Barbecue vegetarisch 250 ml"
"73","8711327470859","Knorr Fix Würzmischung Hühnerfrikassee für ein leckeres Fleischgericht ohne geschmacksverstärkende Zusatzstoffe 36 g"
"74","4013300034022","Unox  Gulaschsuppe konzentriert leckere Dosensuppe mit würzigem Geschmack 382 ml"
"75","8711100648345","Knorr Ratatouille, 1er Pack (1 x 2.5 kg)"
"76","8712100420832","Knorr Lauch-Kartoffel Cremesuppe Trockenmischung (mit feinen Lauchstücken) 1er Pack (1 x 2,25kg)"
"77","8712566984138","Knorr Suli 3T Fleischkl 14x      BT"
"78","8710447885321","Knorr Velouté Weiße Grundsauce OHNE deklarationspflichtige Allergene, 1er Pack (1 x 10000 g)"
"79","4000400317711","Knorr"
"80",NA,"Knorr Pasta Snack Brokkoli-Käse-Sauce leckeres Nudelgericht fertig in nur 5 Minuten - 8 x 62 g Becher -, 496 g & Snack Bar Spaghetti mit Käse Sahne Sauce, 8er Pack (8 x 71 g)"
"81","4038700117403","Knorr Tomato al Gusto Soße Kräuter Knoblauch   355 ml"
"82","8710522981696","Knorr Fix Gewürzmischung Gulasch XXL leckeres Fleischgericht für die schnelle Zubereitung 276 g"
"83","8720182065001","Knorr"
"84","8711200337972","Calve  Erdnussbutter Crunchy veganer Brotaufstrich als Proteinquelle für eine ausgewogene Ernährung 8x 210g"
"85","8710604791076","Hellmann's  Vegan Mayo leckere Mayonnaise zum Dippen und Verfeinern 6x 270 g"
"86","4000400317155","Knorr"
"87","8710522797181","Knorr"
"88","8711200886746","Knorr Suli 3T Zahlen    13x      BT"
"89","8710447882733","Knorr  Bouillon Pur Delikatess mit würzigem Geschmack vegan 8x 8 Stück"
"90","4000400136619","Pfanni  Mini-Knödel Semmel   330 g"
"91","8720182405845","Knorr Spaghetteria Nudel-Fertiggericht Formagiana leckeres Nudelgericht fertig in 5 Minuten 10x 163 ml"
"92",NA,"Knorr Kaiserteller Griessnockerlsuppe, 14x62g"
"93","4007801375371","Knorr Knorr Kräuter Dressing - 50 Portionen (50 x 30 ml)"
"94","8712566202102","Knorr Tomato al Gusto Tomaten-Bolognese 370g 370g"
"95","9000275698712","Knorr Sweety Topfenknödel, 2 Portionen (1 x 150 g)"
"96","4000400307514","Knorr Salatkrönung Gartenkräuter (Salatdressing einfach zuzubereiten, für flexibel einsetzbares Dressing) 1er Pack (1 x 5 kg)"
"97","8714100823668","Knorr  Salatkrönung Italienische Art für ein leckeres Salatdressing mit natürlichen Zutaten* 2.1L"
"98","8710447772904","Knorr Natürlich Lecker Spaghetti Bolognese Fix 3 Portionen, 21er Pack (21 x 38 g)"
"99","8720182427564","Knorr Fix Würzmischung Würstchen-Gulasch für ein leckeres Fleischgericht ohne geschmacksverstärkende Zusatzstoffe 44 g 1 Stück"
"100","4046800310761","Mondamin  Kaiserschmarrn Österreichische Art Süßspeise schnell zubereitet, nur Milch zugeben 8x 2 Portionen"
"101","4007801103769","Knorr Blumenkohl, feine Karfiol Cremesuppe Trockenmischung (natürlicher, purer Blumenkohl Geschmack) 1er Pack (1 x 2,7 kg)"
"102","4013300534027","Unox"
"103","8718114953854","Knorr"
"104","8714100883006","Knorr  Kartoffel Snack Fleischbällchen & Röstzwiebeln leckeres Kartoffelgericht fertig in nur 5 Minuten"
"105",NA,"Mondamin Soßenbinder Dunkel, 1er-Pack (1 x 250 g)"
"106","8718114824758","Knorr Fix Würzmischung Knuspriges Brathähnchen für ein leckeres Fleischgericht mit natürlichen Zutaten 4 Portionen"
"107","8714100790328","Knorr"
"108",NA,"Knorr Pasta Snack Brokkoli-Käse-Sauce leckeres Nudelgericht fertig in nur 5 Minuten - 8 x 62 g Becher -, 496 g & Pasta Snack Pilz-Rahm-Sauce leckeres Nudelgericht - 8 x 63 g Becher -, 504 g"
"109","4046800310754","Mondamin  Grießbrei Klassische Art für ein süßes Dessert schnell zubereitet, nur Milch zugeben 8x 89 g"
"110",NA,"Knorr Pasta Snack verschiedene Sorten mit leckeren Instant Nudeln fertig in nur 5 Minuten, 24 Stück & Pasta Snack Brokkoli-Käse-Soße leckere Instant Nudeln fertig in nur 5 Minuten 62 g 8 Stück"
"111","9000275740404","Knorr Bratensaft Trockenmischung (authentischer Fleischgeschmack) 1er Pack (1 x 2kg)"
"112","8714100823927","Knorr"
"113","8718114827612","Knorr Fix Würzmischung Kräuter-Sahne Hähnchen für ein leckeres Ofengericht mit natürlichen Zutaten 3 Portionen"
"114","8714100823804","Knorr  Salatkrönung 7-Kräuter für ein leckeres Salatdressing mit natürlichen Zutaten* 14x 5er Pack"
"115","4007801110330","Knorr Käse Sauce (cremige Konsistenz, abgerundeter Käsegeschmack) 1er Pack (1 x 1kg)"
"116","8714100955161","Knorr  Pasta Snack Pot Käse & Sahne leckere Instant Nudeln fertig in nur 5 Minuten 8x 71g"
"117","8712100739651","Pfanni  Mini-Knödel gefüllt mit Frischkäse und Kräutern   320 g"
"118","8718114946696","Knorr"
"119","4038700117595","Knorr Tomato al Gusto Nudelsosse All' Arrabbiata   370 g"
"120","4000400118035","Knorr  Rahm Soße leckere hellbraune Sauce ohne geschmacksverstärkende Zusatzstoffe 238 g"
"121","8714100823743","Knorr"
"122","8718114827773","Knorr Fix Würzmischung Nudel-Broccoli Auflauf für einen leckeren Nudelauflauf ohne geschmacksverstärkende Zusatzstoffe 46 g 1 Stück"
"123",NA,"Knorr Streuer Frühlingskräuter für Gemüse 60 g"
"124","8712566410552","Knorr  Suppenliebe Tomaten Cremesuppe fruchtige Gemüsesuppe mit natürlichen Zutaten 62 g 1 Stück"
"125","8714100698068","Knorr  Pasta Snack Pot Käse & Sahne leckere Instant Nudeln fertig in nur 5 Minuten 71g"
"126","8718114947174","Knorr Fix Würzmischung Knuspriges Brathähnchen für ein leckeres Fleischgericht mit natürlichen Zutaten 28 x 29 g"
"127","4000400130815","Pfanni  Teig für Kartoffel-Knödel Halb & Halb der Klassiker für ein leckeres Kartoffelgericht aus nachhaltigem Anbau 318 g"
"128","8712100981913","Knorr"
"129","9000275712715","Knorr Klare Suppe Bouillon rein pflanzlich, 1er Pack (1 x 1 kg)"
"130","4000400001573","Knorr Sauce Hollandaise mit Crème fraîche 250ml 250ml"
"131","8720182297778","Hellmann's Hot Mexican Sauce 250ml 250ml"
"132",NA,"Knorr Pasta und Kartoffel, Käse-Sahne Sauce (8x), Brokkoli Käse Sauce (8x) Pfanni Kartoffelpüree Röstzwiebeln Croutons (8x), 1.568 kg & Kartoffel Snack Speck & Zwiebeln, 8er Pack ( 8 x 58g )"
"133","8717163861776","Knorr Fix Würzmischung Bolognese Typisch Italienisch! für ein leckeres Nudelgericht ohne geschmacksverstärkende Zusatzstoffe 42 g 1 Stück"
"134","8720182334657","Hellmann's  Ketjap"
"135",NA,"Knorr Feinschmecker Pfifferling Soße, 1er-Pack (1 x 250 ml)"
"136","8714100679890","Knorr Asia Noodles Instant Nudeln Rind-Geschmack asiatisches Nudelgericht fertig in nur 4 Minuten 68 g"
"137","8718114823485","Knorr Fix Würzmischung Pfeffer-Rahm Medaillons für ein leckeres Fleischgericht ohne geschmacksverstärkende Zusatzstoffe 35 g"
"138","8710522801932","Knorr Knusper Topping Frühlingskräuter und Käse, 40g"
"139","4038700114082","Knorr Feinschmecker Sauce Hollandaise klassisch eine leckere Soße ohne geschmacksverstärkende Zusatzstoffe 250 ml 1 Stück"
"140","8718114823515","Knorr Fix Würzmischung Schmorbraten für ein leckeres Fleischgericht Gewürzmischung mit natürlichen Zutaten 4 Portionen"
"141","4032600122086","Pfanni  Kartoffelpüree Das Komplette mit entrahmter Milch   94.5 g"
"142","8711200408245","Pfanni Kartoffel Knödel mit Röstzwiebeln und Emmentaler Käse, 8er Pack (8 x 120 g)"
"143","4007801104179","Knorr Tessiner Käse Cremesuppe Trockenmischung (würziger Käse Geschmack, cremige Konsistenz) 1er Pack (1 x 2,7kg)"
"144","8714100893265","Knorr Salat Krönung Gartenkräuter 210ml 210ml"
"145",NA,"Knorr MeisterKessel Feur. Gulasch 6x500g"
"146","4000492003745","Lukull Sauce Béarnaise, sofort einsatzbereit (frischer Kräutergenuss) 1er Pack (1 x 1L)"
"147","8714100697108","Knorr  Pasta Snack Pot Gulasch-Sauce leckere Instant Nudeln fertig in 5 Minuten 60 g"
"148",NA,"Knorr Suppenliebe Hühner Suppe, 15 x 3 Teller (15 x 750 ml) & Suppenliebe Fertiggericht Buchstaben Suppe, 14 x 82 g"
"149","4046800310907","Mondamin Soßenbinder Hell, 4er-Pack (4 x 250 g)"
"150","4038700318091","Knorr Spaghetteria Panna, 10er Pack (10 x 153 g)"
"151","0000040387765","Knorr  Fette Brühe als Brühwürfel zum Verfeinern und Abschmecken 100 g 1 Packung"
"152","4007801104797","Knorr Hühner Kraftbouillon, 1000 g"
"153",NA,"Knorr Pasta Snack Brokkoli-Käse-Sauce, 8 x 69 g + Knorr Pasta Snack Tomaten-Mozzarella-Sauce, 8 x 72 g"
"154","4013300534423","Unox"
"155","4046800110903","Mondamin  Soßenbinder Hell   250 g"
"156","8711327414921","Knorr  Pasta Snack Pot Brokkoli & Käse leckere Instant Nudeln fertig in nur 5 Minuten 62 g"
"157","9000275784309","Knorr Spinatnockerl mit feinem Mozzarella (besonders flaumige Suppeneinlage) 1er Pack (1 x 2,5 kg)"
"158","4038700126986","Knorr Hüttenschmaus Fertiggericht Käse-Spätzle leckeres Nudelgericht fertig in 12 Minuten 149 g"
"159","8720182421975","Knorr  Suppenliebe Disney Die Eiskönigin Suppe leckere schnelle Suppe für Kinder und Erwachsene mit natürlichen Zutaten 14x 2 Portionen"
"160","8711200451869","Knorr Mein Würzgeheimnis Geschenkset ( für Kochliebhaber, mit 4 verschiedenen Würzmixen - 100 Prozent natürliche Zutaten ) 1er Pack"
"161","4007801320289","Pfanni Kartoffel-Flocken, Flocken Locker , 4 kg, Groß"
"162","8711200454617","Mondamin Grießbrei Klassisch 60g 60g"
"163","9000275713514","Knorr Rindessa Rindfleisch Bouillon (kräftiger Geschmack) 1er Pack (1 x 1 kg)"
"164","8718114947266","Knorr"
"165","8710522627433","Knorr Asia Noodles Instant Nudeln Chicken Taste leckere Asia Nudeln fertig in nur 3 Minuten 65 g"
"166",NA,"Knorr Fix Würzmischung Chili con Carne für einen würzigen Eintopf mit natürlichen Zutaten* 33 g 1 Stück (Packung mit 2)"
"167","8714100089453","Knorr Joghurt Dressing (cremiges, frisches Salatdressing ohne Konservierungsstoffe), 3er Pack (3 x 1L)"
"168","8720182089021","Knorr  Gemüse Bouillon im Glas mit vollem Geschmack und mit natürlichen Zutaten 136 g"
"169","4013300031281","Knorr  Sauce Chili würzige Grillsauce mit scharfem Geschmack 250 ml 1 Stück"
"170","4038700114136","Knorr  Feinschmecker Champignon Sauce cremige braune Sauce ohne geschmacksverstärkende Zusatzstoffe und Farbstoffe 250 ml 1er-Pack"
"171","8712100440137","Knorr Käse Ideal Cremesuppe (Trockenmischung für Suppen und Saucen) 1er Pack (1 x 2,75kg)"
"172","8720182301789","Hellmann's  Cheese Style Sauce leckere Grillsauce perfekt zu Burger und Nachos 8x 250ml"
"173","4038700317001","Knorr Braten Soße Extra 3 x 250 ml, 15er Pack"
"174","8712566332137","Knorr  Suppenliebe Hühnersuppe für eine leckere Nudelsuppe mit vielen Nudeln ohne geschmacksverstärkende Zusatzstoffe und Farbstoffe 3 Teller"
"175","8717163949962","Knorr Natürlich Lecker! Fix für Süßkartoffel-Linsen-Curry #HeuteIstMeinVeggieTag Süßkartoffel-Linsen-Curry vegetarisch, 32 g, 2 Portionen"
"176","8712100436635","Knorr Champignon Cremesuppe Trockenmischung (cremiger, runder Champignongeschmack) 1er Pack (1 x 900 g)"
"177","8720182396976","Knorr Taste the World Pasta Snack Mac & Cheese Jalapeño leckere kleine Mahlzeit fertig in nur 5 Minuten 8x 62 g"
"178","8717163851852","Knorr Salatkrönung Caesar 210ml 210ml"
"179","8718114835907","Knorr Fix Würzmischung Hackfleisch Jäger Art für ein leckeres Gericht mit Hackfleisch ohne geschmacksverstärkende Zusatzstoffe 36 g 1 Stück"
"180","8714100680339","Knorr Asia Noodles Instant Nudeln Huhn-Geschmack schnelles Nudelgericht fertig in nur 4 Minuten 70 g 1 Stück"
"181","4000400362391","Pfanni Kartoffelfertiggericht Kartoffel Gratin ""Fix & Fertig"" für die schnelle Zubereitung 100% deutsche Kartoffeln, 5er Pack (5 x 400 g)"
"182","8720182229250","Knorr"
"183","8711200457281","Lukull  Soße HOLLANDAISE BALANCE"
"184","8712566361496","Knorr  Bouillon Pur Huhn leckere Hühnerbouillon mit vollem Geschmack 6x 28 g"
"185",NA,"Knorr Klare Suppe Bouillon rein pflanzlich, 1er Pack (1 x 1 kg) & Gemüse Kraftbouillon (Gemüsebrühe mit Suppengrün, rein pflanzlich, vegan) 1er Pack (1 x 1 kg)"
"186",NA,"Knorr Kartoffel Snack mit Fleischbällchen & Röstzwiebeln, 53 g (Packung mit 2)"
"187","8711327457065","Knorr Pasta und Kartoffel, Käse-Sahne Sauce (8x), Brokkoli Käse Sauce (8x) Pfanni Kartoffelpüree Röstzwiebeln Croutons (8x) im Sortimentskarton (24 x Becher), 1.568 kg Snack Pots (24 Pots) Single"
"188",NA,"Knorr Snack Bar Nudeln in Käse-Kräuter-Sauce, 8er Pack (8 x 65 g) & Pasta Snack Brokkoli-Käse-Sauce leckeres Nudelgericht fertig in nur 5 Minuten - 8 x 62 g Becher -, 496 g"
"189","8720182067364","Knorr"
"190","8712566361564","Knorr Bouillon Pur Delikatess mit würzigem Geschmack vegan 6x 28 g"
"191",NA,"Knorr Gemüsegold Bouillon Gemüsebrühe (rein pflanzlich, ausgeprägter Gemüsegeschmack) 1er Pack (1 x 1 kg) & Gemüse Kraftbouillon (Gemüsebrühe mit Suppengrün, rein pflanzlich, vegan) 1er Pack (1 x 1kg)"
"192","4007801106593","Knorr Bratenjus pastös (vielseitig anwendbar für Bratensaft, Bratensoße (gravy) und braune Soße) 1er pack (1 x 1,4 kg)"
"193","8711200339891","Knorr  Suppe Spargelcreme   2 Teller"
"194","8712423037656","Knorr Feinschmecker Suppe  leckere Zwiebelsuppe ohne geschmacksverstärkende Zusatzstoffe und Farbstoffe mit nachhaltig angebauten Zwiebeln 14 x 3 Teller"
"195","8712100197550","Knorr Aromat Universal, 1er Pack (1 x 6000 g)"
"196","4046800110064","Mondamin  Pizza-Teig  Fertigteig für einfaches und schnelles Pizzabacken 460 g 1 Stück"
"197","8714100089392","Knorr French Dressing (mit feiner Senfnote und hochwertigem Rapsöl), 3er Pack (3 x 1L)"
"198",NA,"Knorr Pasta Snack Rahm Sauce leckeres Nudelgericht fertig in nur 5 Minuten - 8 x 62g Becher -, 496g & Pasta Snack Pilz-Rahm-Sauce leckeres Nudelgericht fertig in nur 5 Minuten - 8 x 63g Becher -, 504g"
"199","8722700635239","Knorr Collezione Italiana Sauce Arrabiata (scharfe Tomatensauce mit Kräuter) 1er Pack (1 x 2,36 kg)"
"200",NA,"Knorr Natürlich Lecker! Würzbasis für die einfache Zubereitung Lachs-Gemüse Gratin aus 100% natürlichen Zutaten, 15 x 42 g"
"201",NA,"Knorr Mein Würzgeheimis Mexikanisch für Chilis und Tacos (1 x 90 g)"
"202","5900300516858","Knorr Collezione Italiana Tomatenmark (doppelt konzentriertes Tomatenpüree) 3er Pack (3 x 800g)"
"203","8720181051517","KNORR Instant Nudeln Asia Noodles verschiedene Sorten schnelles Nudelgericht fertig in nur 3 Minuten 1 Portion 24 Stück"
"204","4046800311041","Mondamin Feine Speisestärke, 8er-Pack (8 x 400 g)"
"205",NA,"Mondamin Snack Becher Pudding Schoko glutenfreier und vegetarischer Schokopudding fertig in nur 3 Minuten 54 g 8 Stück Single"
"206","8717163861783","Knorr Fix Würzmischung Hackbraten für ein leckeres Fleischgericht ohne geschmacksverstärkende Zusatzstoffe 70 g 1 Stück"
"207","8717163784273","Hellmann's  REAL Salat Mayo leckere Salat Mayonnaise mit Freilandeiern 210 ml 1 Stück"
"208","4000400324962","Pfanni  Kartoffel Püree Das Herzhafte für ein leckeres Kartoffelgericht mit 100% deutschen Kartoffeln 7x 243g"
"209","8714100953556","Knorr Pasta Snack Broc   8x 69g  BE"
"210",NA,"Knorr Tomaten Ketchup im Squeezer ideal als vegane Grillsauce mit 100% natürlichen Zutaten 430 ml (Packung mit 2)"
"211","8712100902123","Knorr Grillsauce Burger Soße 8x250ml"
"212","4007801309697","Knorr Salatkrönung Kapuziner Art Dressing (Basis für Salatdressing mit ausgesuchten Kräutern und Gewürzen) 1er Pack (1 x 5 kg)"
"213","8712566480166","Knorr Kürbis Kartoffel Püreesuppe Trockenmischung (ausgewogener, harmonischer Geschmack) 1er Pack (1 x 2,4 kg)"
"214","8711200337941","Calve  Erdnussbutter Creamy leckerer Brotaufstrich ohne Zuckerzusatz 210 g 1 Stück"
"215","8714100890370","Lukull  Sauce Lukull Hollandaise besonders cremige Sauce zu Spargel, Gemüse, Fleisch und Fisch, 12x 250 ml"
"216","8712100193248","Knorr Fix Lasagne 2 Portionen (20 x 400 ml)"
"217","8720182429568","Knorr Fix Würzmischung Geschnetzeltes Züricher Art für ein leckeres Geschnetzeltes Rezept ohne geschmacksverstärkende Zusatzstoffe 54 g"
"218","8711327405028","Hellmann's  Sauce mit Knoblauchnote ideal zum Dippen und Verfeinern beim Barbecue vegetarisch 8x 250 ml"
"219",NA,"Knorr Delikatess Sauce zu Braten (pur als Bratensoße, Soßenbinder und zum Verfeinern), 1er Pack (1 x 1 kg) & Gemüse Kraftbouillon (Gemüsebrühe mit Suppengrün, rein pflanzlich) 1er Pack (1 x 1 kg)"
"220","9000275745607","Knorr Weisse Grundsauce (ohne deklarationspflichtige Allergene lt. Gesetz) 2 kg"
"221",NA,"Lukull Sauce Béarnaise - sofort einsetzbar, mit dem klassischen Geschmack von Kerbel und Estragon, 1er Pack (12 x 250ml)"
"222",NA,"Knorr Hüttenschmaus Nudel-Fertiggericht Schwäbische Käse-Spätzle 149 g"
"223","4013300030000","Unox Kartoffel mal anders Käse 400ml 400ml"
"224","8712100596445","Knorr Professional Bouillon Gemüse, geliert (vegan, 1EL Bouillon genügt für 1 l Wasser) 1er Pack (1 x 800 g)"
"225","8711200453771","Knorr"
"226","8712566361472","Knorr  Bouillon Pur mit Rind leckere Rinderbrühe mit vollem Geschmack 6x 28 g"
"227","8714100761786","Knorr"
"228","4007801105596","Knorr Flädle Suppeneinlage (Fritatten nach österreichischem Originalrezept) 1er Pack (1 x 1 kg)"
"229","4013300531347","Knorr"
"230","4000400317216","Knorr Tomaten Soße 3 x 250 ml, 15er-Pack"
"231","8710522967829","Knorr Fix Würzmischung Spaghetti Carbonara leckeres Nudelgericht 100% natürliche Zutaten ohne zugesetzten Zucker* 42 g"
"232",NA,"Lukull Servierfertige Béarnaise Sauce , 6er pack (6 x 250 ml)"
"233","8714100339831","Hellmann's Ketchup Portionsbeutel (fruchtig tomatiger Geschmack) 1er Pack (200 x 10ml)"
"234","4007801309628","Knorr Salatkrönung Universal Kräuter (Salatdressing einfach zuzubereiten, für flexibel einsetzbares Dressing) 1er Pack (1 x 5 kg)"
"235",NA,"Knorr Gemüsebouillon Dose Ergiebigkeit, 3er Pack (3 x 16 l)"
"236","8722700674962","Knorr Schweinebraten Soße Dose, 1er-Pack (1 x 2,25 Liter)"
"237","8720182403308","Knorr Activ Veggie Nudel-Fertiggericht Penne mit Broccoli und Frühlingskräutern Nudelgericht ohne geschmacksverstärkende Zusatzstoffe und Farbstoffe 146 g 10 Stück"
"238",NA,"Lukull Servierfertige Sauce Hollandaise Balance 250 ml, 6er Pack (6 x 250)"
"239","8712423038097","Knorr Feinschmecker Suppe Kürbis   52 g"
"240","8711327463615","Knorr Knusper Topping Mediterrane Kräuter, 40g"
"241","8710522969632","Knorr Fix Würzmischung Nudel-Schinken Auflauf leckeres Ofengericht 100% natürliche Zutaten ohne zugesetzten Zucker* 40 g"
"242","9000275443008","Knorr Kartoffel-Flocken Püree (aus Qualitäts-Kartoffeln) 1er Pack (1 x 4kg)"
"243","4000400346049","Knorr"
"244","8714100761724","Knorr  Fix Paprika-Mais Nudeln mit Hähnchen für ein leckeres Fleischgericht ohne geschmacksverstärkende Zusatzstoffe 42 g 1 Stück"
"245","8710447792162","Knorr  Suppenliebe Hochzeits Suppe leckere Nudelsuppe ohne geschmacksverstärkende Zusatzstoffe 16x 3 Teller"
"246","4000400143334","Knorr Bratenjus pastös (vielseitig anwendbar als klarer Bratensaft, Bratensoße und braune Soße) | 400g (1er pack)"
"247","8711200560653","Knorr  Sauce Hollandaise   250 ml"
"248","8718114823461","Knorr Fix Würzmischung Jäger-Schnitzel für ein leckeres Schnitzel Gericht ohne geschmacksverstärkende Zusatzstoffe 47 g 1 Stück"
"249","8714100823880","Knorr  Salatkrönung Küchenkräuter für ein leckeres Salatdressing mit natürlichen Zutaten* 15x 5er Pack"
"250","8711200339297","Knorr Activ Veggie Muschelnudeln mit Frühlingsgemüse in Kräutersauce leckere Nudeln ohne geschmacksverstärkende Zusatzstoffe 9x 155 g"
"251","8711327406391","Knorr  Suppenliebe Suppe mit Rind für eine leckere Nudelsuppe mit vielen Nudeln ohne geschmacksverstärkende Zusatzstoffe und Farbstoffe 3 Teller"
"252","8720182407825","Knorr Spaghetteria Nudel-Fertiggericht Funghi leckeres Nudelgericht fertig in 6 Minuten 10x 150 ml"
"253",NA,"Knorr Pasta Snack Becher verschiedene Sorten Sortimentskarton, 24 x 70 g (24 x Snackbecher - 3 x Sorten), 1.616 kg & Kartoffel Snack Speck & Zwiebeln, 8er Pack ( 8 x 58g )"
"254","4007801105770","Knorr Sahne Sauce Carbonara, 1000 g"
"255","8718114947129","Knorr  Fix Schweinebraten in einer leckeren Soße für ein Fleischgericht mit natürlichen Zutaten 23x 4 Portionen"
"256","8714100696545","Pfanni  Kartoffel Snack Röstzwiebeln & Croûtons Kartoffelgericht ideal für zwischendurch aus nachhaltiger Landwirtschaft 8x 56 g"
"257",NA,"Knorr Sweety Grießschmarrn, 2 Portionen, 7er Pack (7 x 205 g)"
"258","8717163861745","Knorr Familien-Fix Paprika-Nudel Auflauf mit Hackfleisch 38g 38g"
"259","4007801105824","Knorr Tomaten Sauce Napoli, 1000 g"
"260","8720182094421","Knorr  Hühner Kraftbouillon im Glas mit kräftigem Geschmack und natürlichen Zutaten 88 g"
"261","4032600334328","Pfanni"
"262","4038700118080","Knorr Spaghetteria Funghi 150g 150g"
"263","9000275735103","Knorr Meisterkessel Gulaschsuppe (servierfertig, authentischer Geschmack) 1er Pack (1 x 2,9 kg) /2.78l"
"264","9000275741609","Knorr Bratensaft Trockenmischung (authentischer Fleischgeschmack) 1er Pack (1 x 1kg)"
"265","8710604733274","Knorr Fix Bunte Gemüse Pasta Gewürzmischung für die schnelle Zubereitung Beutel, 24er Pack (24 x 38 g)"
"266","8712100255014","Pfanni Mini-Knödel mit Pilzen, 7er Pack (7 x 320 g)"
"267","8714100823828","Knorr  Salatkrönung Italienische Art für ein leckeres Salatdressing mit natürlichen Zutaten* 15x 5er Pack"
"268","4007801107804","Knorr Gulasch Basis, 1er Pack (1 x 1 kg)"
"269","8711327418219","Knorr  Pasta Snack Pot Käse & Kräuter leckere Instant Nudeln fertig in nur 5 Minuten 8 x 59 g"
"270","8712100051869","Knorr Chili Knobl Sauc   8x250ml FL"
"271","8711327406407","Knorr  Suppenliebe Suppe mit Rind für eine leckere Nudelsuppe mit vielen Nudeln ohne geschmacksverstärkende Zusatzstoffe und Farbstoffe 14 x  3 Teller"
"272","4007801107705","Mondamin Fix-Soßenbinder hell (klumpenfrei, geschmacksneutral) 1er Pack (1 x 1 kg)"
"273","8722700482628","Knorr Professional Würzpaste Paprika (natürlicher Geschmack, immer einsatzbereit) 1er Pack (1 x 750 g)"
"274",NA,"Knorr Notvorrat Bouillons und Brühen - Goldaugen Rindsuppe und Gemüse Bouillon von Knorr"
"275","8712566237067","Knorr Speciale al Gusto Nudelsosse Carbonara   370 g"
"276","8712100378249","Knorr Professional konzentrierte Bouillon Rind (flüssig, 30 g Bouillon genügen für 1 l Wasser) 1er Pack (1 x 1 l)"
"277","8714100089422","Knorr Kräuter Dressing (klares Salatdressing mit Dill und Petersilie) 3er Pack (3 x 1 l)"
"278","8717163865590","Knorr Fix Würzmischung Tomaten Bolognese für ein leckeres Nudelgericht ohne geschmacksverstärkende Zusatzstoffe, ideal für Pasta & Spaghetti, 46 g 1 Stück"
"279","8711200339921","Knorr  Feinschmecker Blumenkohl Broccoli Suppe leckere Gemüsesuppe mit nachhaltig angebautem Gemüse 2 Teller"
"280","4007801320234","Pfanni Kartoffel-Fix-Fertig Flockenpüree mit entrahmter Milch, 1er Pack (1 x 2 kg)"
"281","8720182069238","Knorr"
"282","8720182406040","Knorr Spaghetteria Nudel-Fertiggericht Bolognese leckeres Nudelgericht fertig in 7 Minuten 160 g"
"283","4000400330499","Pfanni"
"284","8711327414945","Knorr  Pasta Snack Pilz & Rahm leckere Instant Nudeln fertig in nur 5 Minuten 8x 63 g"
"285","8717163865606","Knorr Fix Würzmischung Hackfleisch Käse Suppe für eine leckere Suppe mit Hack ohne geschmacksverstärkende Zusatzstoffe 58 g 1 Stück"
"286","8720182328502","Knorr Fix Würzmischung Frikadellen & Burger für ein leckeres Gericht mit Hackfleisch ohne geschmacksverstärkende Zusatzstoffe und Farbstoffe 46 g 1 Stück"
"287","8712100597589","Knorr Professional Bouillon Huhn (geliert, vollmundiger Geschmack, 1 EL Bouillon genügt für 1 L Wasser) 1er Pack (1 x 800g)"
"288","8714100722541","Knorr Asia Lime Powder (Zubereitung mit Limettengeschmack, die Alternative zu frischen Limetten, ergibt 2 Liter) 1er Pack (1x 500g)"
"289","8718114824222","Knorr Fix Würzmischung Currywurst für eine würzige Bratwurst ohne geschmacksverstärkende Zusatzstoffe und Farbstoffe 36 g 1 Stück"
"290","4007801104186","Knorr Frühlings Suppe mit Nudeln und buntem Gemüse (natürlicher, ausgewogener Geschmack) 1er Pack (1 x 2,4kg)"
"291","4038700114075","Knorr Feinschmecker Sauce Parmarosa leckere Nudelsauce ohne geschmacksverstärkende Zusatzstoffe 250 ml 1 Stück"
"292","8720182396952","Knorr Taste the World Reis Snack Chili con Carne Style leckeres Reisgericht fertig in 5 Minuten 8x 57g"
"293","8711200339280","Knorr Activ Veggie Muschelnudeln mit Frühlingsgemüse in Kräutersauce leckere Nudeln ohne geschmacksverstärkende Zusatzstoffe 155 g"
"294",NA,"Knorr Nacho Sauce Hot Salsa Style Dip für ein leckeres Barbecue zum Toppen und Dippen von Nachos 8 x 250 ml, 2kg"
"295","8714100697368","Knorr  Pasta Snack Pot Tomate & Kräuter leckere Instant Nudeln fertig in nur 5 Minuten 69 g"
"296","8711327405158","Knorr Feinschmecker Sauce zu Braten extra fein leckere braune Soße ohne geschmacksverstärkende Zusatzstoffe und Farbstoffe 250 ml 1 Stück"
"297","8710522971031","Knorr Fix Würzmischung Mildes Hähnchen Curry für ein leckeres Fleischgericht 100% natürliche Zutaten ohne zugesetzten Zucker* 39 g"
"298","8711200339938","Knorr  Feinschmecker Broccoli Cremesuppe leckere Gemüsesuppe mit Gemüse und Kräutern aus nachhaltigem Anbau 2 Teller 50g"
"299","4000400111272","Mondamin  Soßenbinder für Gemüse für Soßen ohne Klümpchen mit Gemüse und Kräutern 250 g 1 Stück"
"300","8712566410293","Knorr Suppenliebe Grießklößchen Suppe leckere Gemüsesuppe mit natürlichen Zutaten 36 g"
"301","8718114788654","Knorr Hüttenschmaus Schinken-Hörnli 156g 156g"
"302",NA,"Unox Konzentrat Gulasch Suppe 3 Teller, 6er-Pack (6 x 400 ml) & Konzentrat Ochsenschwanz Suppe 3 Teller, 6er-Pack (6 x 400 ml)"
"303",NA,"Pfanni Kartoffelfertiggericht Bauern Frühstück Bratkartoffeln mit Speck & Ei 100% deutsche Kartoffeln 10x400 g"
"304","8714100943823","Knorr Asia Noodles Instant Nudeln Curry-Geschmack schnelle Asia Nudeln fertig in nur 4 Minuten 11x 70 g"
"305",NA,"Knorr Kaiserteller Frittatensuppe, 14x51g"
"306",NA,"Knorr Activ Veggie Nudel-Fertiggericht Penne mit Broccoli und Frühlingskräutern Nudelgericht ohne geschmacksverstärkende Zusatzstoffe und Farbstoffe 146 g 1 Stück"
"307","8718114949444","Knorr"
"308","4046800110743","Mondamin  Milchreis Klassische Art für ein süßes Dessert schnell zubereitet, nur Milch zugeben 125 g"
"309",NA,"Knorr Pasta Snack Rahm Sauce leckeres Nudelgericht fertig in nur 5 Minuten - 8 x 62 g Becher -, 496 g & Snack Bar Spaghetti mit Käse Sahne Sauce, 8er Pack (8 x 71 g)"
"310",NA,"Knorr Pasta Snack Arrabiata Becher, 4er Pack (4 x 66 g)"
"311","4038700114020","Knorr Spaghetteria Sauce Quattro Formaggi leckere Nudelsauce ohne geschmacksverstärkende Zusatzstoffe 250 ml"
"312","8712100555954","Knorr Curry Ketchup 430 ml 430ml"
"313","8718114827698","Knorr Fix Würzmischung Lachs auf Blattspinat für ein leckeres Fisch Gericht ohne geschmacksverstärkende Zusatzstoffe 28 g"
"314","4038700118097","Knorr Spaghetteria Nudel-Fertiggericht Panna leckeres Nudelgericht fertig in 6 Minuten 153 g"
"315",NA,"Hellmann's Vegane Mayo Alternative zu Mayonnaise, Mayo ohne Ei, 1er Pack (1 x 2.5 kg)"
"316",NA,"Knorr Feinschmecker Sauce Hollandaise fettarm 250ml, 9er Pack (9 x 250 ml)"
"317","8711200478187","Hellmann's  Real Mayonnaise ideal zum Verfeinern Mayo mit Freilandeiern 250 ml"
"318","8712566989362","Knorr Suppenliebe Zwiebelsuppe, 15 x 3 Teller (15 x 46g)"
"319",NA,"Unox Cup a Soup Kip 21 Tüten (Hühnersuppe)"
"320","4000400101099","Knorr Sauce Hollandaise Light 250ml 250ml"
"321","8712100187001","Knorr"
"322","8718114824185","Knorr  Familien-Fix Bauerntopf mit Hackfleisch für ein leckeres Fleischgericht ohne geschmacksverstärkende Zusatzstoffe 43 g"
"323","8720182069245","Knorr  Ketchup Tomato Joe fruchtiger Tomatenketchup mit 40% weniger Zucker* 430 ml 1 Stück"
"324",NA,"Knorr The Chicken Cube 8'S"
"325","9000275430305","Knorr Salatkrönung Gartenkräuter 1er Pack (1 x 1 kg)"
"326","4000400330697","Pfanni  Kartoffel Püree Das Komplette für ein leckeres Kartoffelgericht mit 100% deutschen Kartoffeln 7x 283.5g"
"327","8711200340712","Knorr SB Huehnersuppe    8x39g   BE"
"328","8718114946900","Knorr"
"329","4032600004351","Pfanni  Semmelknödel mit Räucherspeck   200 g"
"330","8711200414369","Knorr  Soße zu Braten Extra leckere dunkle Soße mit würzigem Geschmack 280 g"
"331","8718114946108","Knorr Fix Paprika-Rahm Schnitzel 3 Portionen (21 x 43 g)"
"332","4013300531323","Knorr  Cocktail Sauce cremige Grillsauce mit feinem Geschmack 6x 250 ml"
"333","8710522965214","Knorr Fix Würzmischung Champignons in Rahm leckere Rahmchampignons 100% natürliche Zutaten ohne zugesetzten Zucker* 30 g"
"334",NA,"Hellmann's Yellow Mustard Portionsbeutel (perfekte Serviergröße) 1er Pack (198 x 10 ml)"
"335","8712100254895","Pfanni"
"336","8714100696620","Pfanni  Kartoffel Snack mit Fleischbällchen & Röstzwiebeln leckeres Kartoffelgericht fertig in nur 3 Minuten 53 g 1 Stück"
"337","8710447949542","Hellmann's Real Mayonnaise Mini Glas (perfekte Serviergröße im Gastraum) 1er Pack (80 x 33 ml)"
"338",NA,"Knorr Notvorrat Suppe - Tomatensuppe, Spargelcremesuppe, Champignonsuppe (Trockenmischungen, Großverbraucher)"
"339",NA,"Knorr Big Pasta Snack Pot Bolognese leckeres Nudelgericht fertig in nur 5 Minuten, 8 x 88 g & nack Bar Nudeln in Tomate-Mozzarella-Sauce, 8er Pack (8 x 72 g)"
"340",NA,"Knorr Pasta Snack Käse-Kräuter-Sauce leckeres Nudelgericht fertig in nur 5 Minuten - 8 x 59 g Becher -, 472 g & Snack Bar Spaghetti mit Käse Sahne Sauce, 8er Pack (8 x 71 g)"
"341","8718114824857","Knorr Fix Würzmischung Hackfleisch Schafskäse Auflauf für ein leckeres Ofengericht ohne geschmacksverstärkende Zusatzstoffe 43 g"
"342","8712423045170","Knorr Feinschmecker Spargelsuppe weiß und grün leckere Gemüsesuppe mit nachhaltig angebautem Gemüse 17x 2 Teller"
"343","8711200714476","Knorr Großmutters Geheimnis Deftiger Kartoffeleintopf mit Speck für eine leckere Kartoffelsuppe mit nachhaltig angebautem Gemüse 9x 90 g"
"344",NA,"Knorr Rahmsauce (cremig, auch als Saucenbinder) 1er Pack (1 x 1 kg) & Gemüse Kraftbouillon (Gemüsebrühe mit Suppengrün, rein pflanzlich, vegan) 1er Pack (1 x 1 kg)"
"345","4007801108900","Knorr Sauce Café de Paris (feiner Butter- und Kräutergeschmack) 1er Pack (1 x 1 kg)"
"346","8711200886791","Knorr  Suppenliebe Hühnersuppe für eine leckere Nudelsuppe mit vielen Nudeln ohne geschmacksverstärkende Zusatzstoffe und Farbstoffe 15x 3 Teller"
"347","8722700202561","Knorr Knorr Fischfond 1kg, 1000 g"
"348",NA,"Knorr Fix für Kartoffel-Gratin (10 x 37 g)"
"349","4000492004513","Knorr Paprika Sauce Ungarischer Art (mit ausgewogenem Geschmack, vegetarisch) 1er Pack (1 x 10 kg)"
"350","8710522949634","Knorr Asia Noodles Instant Nudeln Chili Taste leckere Asia Nudeln fertig in nur 3 Minuten 8x 65 g"
"351","4000400121868","Pfanni  Kartoffelfertiggericht Bauern Frühstück Bratkartoffeln mit Speck & Ei  100% deutsche Kartoffeln 400 g"
"352","8710604791069","Hellmann's  Vegan Mayo leckere Mayonnaise zum Dippen und Verfeinern 270 g"
"353","8712423038639","Knorr Fix Zucchini-Schafskäse Auflauf mit Hackfleisch 44g 44g"
"354","8712423021679","Knorr Salatkrönung Kartoffelsalat für ein leckeres Salatdressing mit natürlichen Zutaten* 5x 2 Portionen"
"355",NA,"Knorr Notvorrat Lebensmittel Soßen - Delikatess Sauce zu Braten, Bratenjus, Rahmsauce (Großverbraucher 1 kg Packungen)"
"356","8712566255177","Knorr Collezione Italiana Tomato Pronto Napoletana Tomatensauce (stückige Tomatensauce) 1er Pack (1 x 3 kg)"
"357","4046800110811","Mondamin  Milchreis Vanille-Geschmack für ein süßes Dessert schnell zubereitet, nur Milch zugeben 117 g"
"358","9000275743214","Knorr Fix - Einbrenn Roux (helle Mehlschwitze zum Abbinden und Nachbinden) 2er Pack (2 x 1kg)"
"359","8714100957967","Knorr  Kartoffel Snack Speck & Zwiebeln leckeres Kartoffelgericht fertig in nur 5 Minuten 8x 58 g"
"360","8718114824468","Knorr Fix Würzmischung Rahm-Champignons für leckere Rahmchampignons ohne geschmacksverstärkende Zusatzstoffe 33 g 1 Stück"
"361","8712100844270","Knorr Professional Kalbsfond konzentriert (ausgewogene Basis für Saucen und Suppen) 1er Pack (1 x 1 l)"
"362","4038700119728","Knorr Salatkrönung Croutinos mit Paprika und Pinienkernen für leckeren Salat ohne geschmacksverstärkende Zusatzstoffe 25 g"
"363","4000400317704","Knorr Jäger Soße 3 x 250 ml, 15er-Pack"
"364","4000400149329","Knorr Feinschmecker Dill Sauce fettarm leckere Soße mit unter 1,5% Fett ohne geschmacksverstärkende Zusatzstoffe 250 ml 1 Stück"
"365","4000400348326","Knorr"
"366","4007801104506","Knorr Spinat Cremesuppe Florentin 1.65 kg, 1er Pack (1 x 1.65 kg)"
"367","8710522975152","Knorr Fix Gewürzmischung Spaghetti Bolognese XXL leckere Nudelsauce für die schnelle Zubereitung 266 g"
"368","8720182422446","Knorr  Suppenliebe Marvel Avengers Suppe leckere schnelle Suppe für Kinder und Erwachsene mit natürlichen Zutaten 14x 2 Portionen"
"369","4038700118066","Knorr Spaghetteria Pomodoro Mozzarella 163g 163g"
"370","4000400322012","Pfanni Stampf Kartoff    7x      BT"
"371",NA,"Knorr Fix Würzmischung Hackfleisch Käse Suppe für eine leckere Suppe mit Hack ohne geschmacksverstärkende Zusatzstoffe,58g (2er Pack)"
"372","8710522627518","Knorr Asia Noodles Instant Nudeln Duck Taste leckere Asia Nudeln fertig in nur 3 Minuten 61 g"
"373","8710522920138","Knorr  Tomaten Ketchup im Squeezer ideal als vegane Grillsauce mit 100% natürlichen Zutaten 430 ml"
"374","8711200470495","Hellmann's BBQ Marinade (mit typisch süßlichem, rauchigem Geschmack) 1er Pack (1 x 4,8 kg)"
"375","8711200454679","Knorr Sweety Milchreis mit Vanillegeschmack, 58 g"
"376","8711200494088","Knorr"
"377",NA,"Knorr Fix Spitzkohl Pfanne 36g Beutel 2 Portionen, 35.7 g, 1 Stück (1er Pack)"
"378","9000275431609","Knorr Salatkrönung Knoblauch Kräuter Dressing (Trockenmischung für Salatdressing mit ausgesuchten Kräutern, Gewürzen und Knoblauchnote) 1er Pack (1 x 1 kg)"
"379",NA,"Mondamin Porridge mit Erdbeere für unterwegs vegetarisch, 8 x 70 g"
"380","8710522920251","Hellmann's  Tomato Ketchup leckere Grillsauce ideal zum Verfeinern aus nachhaltig angebauten Tomaten 430 ml"
"381",NA,"Knorr Feinschmecker Sauce Zitronen Butter, 10er Pack (10 x 250 ml)"
"382","4046800110125","Mondamin  Mehlschwitze Hell   250 g"
"383","8712100187131","Knorr"
"384",NA,"Knorr Cup a Soup Kartoffelcreme (mit Knusper-Croutons Instant Suppe 3 Tassen) 12er Pack & Cup a Soup Hühnersuppe mit Nudeln Instant Suppe 3 Tassen, 12er Pack (12x27gr)"
"385","4000400117151","Knorr Soße zu Geflügel für vollen Geschmack ohne geschmacksverstärkende Zusatzstoffe 69 g(3x 250 ml)"
"386","8717163935231","Knorr Fix Würzmischung Lecker Veggie Broccoli Gratin für ein leckeres Auflaufgericht mit natürlichen Zutaten 23 x 2 Portionen"
"387",NA,"Knorr Bouillon mit Rind im Glas Ergiebigkeit, 5er Pack (5 x 7.5 l)"
"388","4038700319517","Knorr Salatkrönung Croutinos mit Sonnenblumenkernen Croutons, 1er-Pack (1 x 25 g)"
"389","9000275430206","Knorr Salatkrönung Zwiebel Kräuter Dressing (Trockenmischung für klare Salatdressings mit ausgesuchten Kräutern, Gewürzen und Zwiebel) 1er Pack (1 x 1 kg)"
"390","8717163935170","Knorr Fix Geschnetzeltes Züricher Art 36g 36g"
"391","8714100760901","Knorr  Natürlich Lecker! Tomaten Suppe Toskana   500ml"
"392","4013300031250","Knorr  Schlemmersauce Schaschlik   250 ml"
"393","8714100679852","Knorr Asia Noodles Instant Nudeln Curry-Geschmack schnelle Asia Nudeln fertig in nur 4 Minuten 70 g"
"394","8712423044845","Knorr Feinschmecker Kartoffelsuppe mit Crème fraîche leckere Gemüsesuppe mit nachhaltig angebautem Gemüse 13x 2 Teller"
"395","8718114823416","Knorr Fix Würzmischung Schlemmer-Geschnetzeltes für ein leckeres Fleischgericht ohne geschmacksverstärkende Zusatzstoffe 43 g 1 Stück"
"396","9000275801419","Maizena Bindemittel (Speisestärke aus natürlicher Maisstärke) 1er Pack (1x 2,5 kg)"
"397","8712566843466","Knorr Gemüse Kraftbouillon Gemüsebrühe mit Suppengrün, rein pflanzlich, vegan 1er Pack (1 x 5 kg)"
"398","8714100696569","Pfanni  Kartoffel Snack mit Käse & Brokkoli leckeres Kartoffelgericht fertig in nur 3 Minuten 50 g"
"399","9000275735202","Knorr Gulaschsuppe konzentriert (mit hohem Fleischanteil) 1er Pack (1 x 3kg)"
"400","4000400330819","Pfanni  Teig für Kartoffel-Knödel Halb & Halb der Klassiker für ein leckeres Kartoffelgericht aus nachhaltigem Anbau 9x 318g"
"401","8714100433881","Knorr ChilliBurg Sauce   8x250ml FL"
"402","8720182069252","Hellmann's  Tomato Ketchup Zuckerreduziert vegane Grillsoße im Squeezer mit vollem Tomatengeschmack 8x 430 ml"
"403","8710522970607","Knorr Fix Würzmischung Pikantes Gulasch leckeres Fleischgericht 100% natürliche Zutaten ohne zugesetzten Zucker* 57 g"
"404","4032600004337","Pfanni  Semmelknödel der Klassiker für ein leckeres Semmel Knödel Gericht im praktischen Kochbeutel 200 g"
"405","8711200340057","Knorr Feinschmecker Suppe Toscana leckere Tomatensuppe ohne geschmacksverstärkende Zusatzstoffe und Farbstoffe 9 x  2 Teller"
"406","4007801105190","Knorr Salatkrönung Paprika-Kräuter 500 g, 1er Pack (1 x 0.5 kg)"
"407",NA,"Knorr Cup a Soup Lauch Cremesuppe mit Knusper-Croutons, 3 x 1 Portion, 12er Pack (12 x 3 x 150 ml)"
"408","8710522912157","Knorr Cup a Soup Fertigsuppe Kürbis Cremesuppe mit Knusper-Croûtons für die schnelle Zubereitung 12 x 3 Portionen, 576 g Kürbis Cremesupper"
"409","8717163935163","Knorr Fix Würzmischung Lasagne für einen leckeren Auflauf mit natürlichen Zutaten* 52 g 1 Stück"
"410",NA,"Knorr Kürbis Cremesuppe im Glas, vegetarisch und glutenfrei, 6er Pack (6 x 450 ml)"
"411","4032600634350","Pfanni Semmelknödel mit Räucherspeck, 7er Pack (7 x 200 g) Räucherspeck"
"412","4007801105800","Knorr Zitrone Butter Sauce (frischer Zitronengeschmack, feine Butternote) 1er Pack (1 x 1 kg)"
"413",NA,"Knorr Fix Waldpilz-Rahm Geschnetzeltes 3 Portionen (1 x 40 g)"
"414","4038700114143","Knorr Knorr Feinschmecker Sauce Hollandaise Frühlingskräuter 250ml 250ml"
"415",NA,"Knorr Fix Nudel-Schinken Gratin 2 Portionen, 29er Pack (29 x 28g)"
"416","8720182406125","Knorr Spaghetteria Nudel-Fertiggericht Bolognese leckeres Nudelgericht fertig in 7 Minuten 10x 160 g"
"417","4046800110132","Mondamin  Mehlschwitze Dunkel   250 g"
"418","9000275698316","Knorr Sweety Milchreis, 2 Portionen, 7er Pack (7 x 195 g)"
"419","8712100432316","Knorr Waldpilz Cremesuppe Trockenmischung (mit Pilzen direkt aus dem Wald) 1er Pack (1 x 1,5 kg)"
"420","8711200457298","Lukull  Sauce Béarnaise   250 ml"
"421","8720182052087","Knorr"
"422","4000400130655","Pfanni  Kartoffel Klöße mit rohen Kartoffeln für ein leckeres Kartoffelgericht mit 100% deutschen Kartoffeln 200 g"
"423","8718114824703","Knorr  Fix Schweinebraten in einer leckeren Soße für ein Fleischgericht mit natürlichen Zutaten 4 Portionen"
"424","4007801107606","Mondamin Roux Klassische Mehlschwitze hell, 1er Pack (1 x 1 kg)"
"425","8718114825069","Knorr Fix Würzmischung Schwedische Hackbällchen Köttbullar für ein leckeres Gericht mit Hackfleisch ohne geschmacksverstärkende Zusatzstoffe 49 g 1 Stück"
"426","4013300034015","Unox  Ochsenschwanzsuppe Suppe mit feinem Dessertwein, ideal für schnelle Gerichte, 400 ml 1 Stück"
"427","8718114841175","Knorr Fix Würzmischung Gebratene Asia Nudeln für ein leckeres Nudelgericht ohne geschmacksverstärkende Zusatzstoffe 30 g"
"428","8720182283511","Hellmann's  Lime & Avocado Style Sauce perfekt zu Bowls und Sandwiches auch als leckere Grillsauce 250 ml"
"429","8714100089361","Knorr Balsamico Dressing (mit Aceto Balsamico di Modena) 3er Pack (3 x 1 L)"
"430","4000492003448","Knorr Collezione Italiana italienische Pizza sauce Napoli, 1er Pack (1 x 2,6 kg)"
"431",NA,"Knorr Natürlich Lecker Gemüse-Hähnchen vom Blech, 3 Portionen, 9er Pack"
"432","8717163865620","Knorr Fix Würzmischung Bolognese Unsere Beste! für ein leckeres Nudelgericht ohne geschmacksverstärkende Zusatzstoffe 38 g 1 Stück"
"433",NA,"Knorr Delikatess Sauce zu Braten (pur als Bratensoße, Soßenbinder und zum Verfeinern), 1er Pack (1 x 1 kg) & Bratenjus pastös (vielseitig anwendbar als klarer Bratensaft) 1er pack (1 x 0,4 kg)"
"434","8712100405266","Knorr Großmutters Geheimnis Eintopf Deftiger Linsentopf leckere Suppe mit Speck ohne geschmacksverstärkende Zusatzstoffe und Farbstoffe 133 g"
"435","4007801103509","Knorr klare Rindsuppe mit Suppengrün (Rinderbrühe nach bewährter Rezeptur) 1er Pack (1 x 0,88 kg)"
"436","4038700117373","Knorr Tomato al Gusto Tomatensauce mit Kräutern, Soße aus 100% sonnengereiften, italienischen Tomaten 370 g"
"437","4000400126337","Knorr Knorr Spaghetteria Sauce Mozzarella 250ml"
"438","9000275740800","Knorr Bratensaft Trockenmischung (authentischer Fleischgeschmack) 1er Pack (1 x 6kg)"
"439","8712100187117","Knorr"
"440",NA,"Knorr Salatkerne-Mix mit Edamame-Sojabohnen und Mandeln 30g Beutel, 6er Pack (6 x 30)"
"441","8711200424962","Hellmann's  Sauce mit Chili scharfe Sauce ideal zum Dippen und Verfeinern 250 ml"
"442","8718114949390","Knorr"
"443","8710522976913","Knorr Nacho Sauce Cheddar Style 250 ml 250ml"
"444","8711200494057","Knorr  Klare Bratensaft Basis ideal als Basis für Bratensoßen ohne geschmacksverstärkende Zusatzstoffe 235 g 1 Stück"
"445","4007801174974","Knorr Sambal Manis Chili-Soja-Sauce (asiatische Würzsauce) 1er Pack (1 x 1 Liter)"
"446","8710522968833","Knorr Fix Würzmischung Natürlich Lecker! für eine leckere Lasagne mit 100% natürlichen Zutaten 2 Portionen"
"447","8718114824932","Knorr Fix Würzmischung Kartoffel Gratin für einen leckeren Auflauf mit natürlichen Zutaten 3 Portionen"
"448","4038700119513","Knorr  Salatkrönung Croutinos mit Sonnenblumenkernen für ein leckeren Salat ohne geschmacksverstärkende Zusatzstoffe 25 g"
"449","8714100823767","Knorr Salatkrönung Gartenkräuter Knoblauch Dressing, 15er Pack (15 x 52 ml)"
"450",NA,"Knorr Tomato al Gusto Kräuter Soße, 1er-Pack (1 x 370 g)"
"451","8720182131140","Knorr  Hühner Kraftbouillon, Bouillon mit natürlichen Zutaten und kräftigem Geschmack 264 g"
"452","8712100434716","Knorr Spargel Cremesuppe Trockenmischung (intensiver, natürlicher Spargel Geschmack) 1er Pack (1 x 700 g)"
"453","8710522968178","Knorr Fix Würzmischung Linsen Bolognese leckere Nudelsauce 100% natürliche Zutaten ohne zugesetzten Zucker* 43 g"
"454","8717163861820","Knorr Fix Würzmischung Spaghetti Napoli für ein leckeres Nudelgericht mit natürlichen Zutaten 39 g 1 Stück"
"455","4007801104681","Knorr Gemüse Kraftbouillon (Gemüsebrühe mit Suppengrün, rein pflanzlich, vegan) 1er Pack (1 x 1 kg)"
"456","4032600122185","Pfanni  Kartoffel Püree mit Räucherspeck & Zwiebeln für ein leckeres Kartoffelgericht mit 100% deutschen Kartoffeln 150 g 1 Stück"
"457",NA,"Iftar Ramadan Snack Set Knorr Asia Noodles Instant Nudeln Chili 8 x 65g + Knorr Asia Noodles Beef Taste, 1 x 63 g + Knorr Asia Noodles Duck Taste, 1 x 61 g"
"458","8712423044241","Knorr  Feinschmecker Kartoffel Steinpilz Suppe cremig-deftige Suppe mit nachhaltig angebautem Gemüse 15x 2 Teller"
"459",NA,"Knorr Big Pasta Snack Pot Bolognese leckeres Nudelgericht fertig in nur 5 Minuten, 8 x 88 g & Snack Bar Spaghetti mit Käse Sahne Sauce, 8er Pack (8 x 71 g)"
"460","8720182139368","Knorr Hühner Bouillon salzfrei 4,3l 4300ml"
"461",NA,"Knorr Nacho Sauce Cheddar Style Dip für ein leckeres Barbecue zum Toppen und Dippen von Nachos 8 x 250 ml, 2 kg"
"462","8714100699904","Knorr  Pasta Snack Pot Tomato & Mozzarella leckere Instant Nudeln fertig in nur 5 Minuten 72 g"
"463","4013300031298","Knorr  Curry Sauce leckere Grillsauce fruchtig-frisch mit Ananas 250 ml"
"464","8712423044821","Knorr Feinschmecker Kartoffelsuppe mit Crème fraîche leckere Gemüsesuppe mit nachhaltig angebautem Gemüse 2 Teller"
"465","4013300031236","Knorr  Knoblauch Sauce cremige Grillsauce mit mildem Geschmack 250 ml"
"466","8710447772935","Knorr Natuerl Chili cC  16x 64g  BT"
"467","8718114827827","Knorr Fix Würzmischung Lecker Veggie Ratatouille leckere Gemüsepfanne ohne geschmacksverstärkende Zusatzstoffe 40 g"
"468","4013300531293","Knorr  Curry Sauce leckere Grillsauce fruchtig-frisch mit Ananas 6x 250 ml"
"469","8714100090893","Knorr Thai Grüne Curry Paste (authentische, thailändische Rezeptur, Hergestellt in Thailand) 1er Pack (1 x 850 g)"
"470","4007801107910","Knorr Salatkräuter Gartenkräuter 500g 500g"
"471","4000400312167","Mondamin  Waffeln Teig-Mix leckerer Waffelteig nur Milch zugeben und schütteln für 5 - 6 Waffeln 8x 230 g"
"472","4000400324436","Mondamin Pudding Schokolade 3 Portionen, 13er Pack (13 x 133 gm)"
"473","8711200714469","Knorr Großmutters Geheimnis Deftiger Erbseneintopf mit Speck und Kartoffeln für eine leckere deftige Suppe mit nachhaltig angebautem Gemüse 8x 122 g"
"474","8720182094445","Knorr  Bouillon mit Rind im Glas mit kräftigem Geschmack und natürlichen Zutaten 130 g"
"475","9000275742613","Knorr Braune Roux Mehlschwitze (sofortige, stabile Saucen Bindung) 1er Pack (1 x 1 kg)"
"476","5996358042265","Knorr Burgundersauce - granulierte Rotweinsauce, 1,26 kg"
"477","4007801104810","Knorr Rinder Kraftbouillon (vielseitig anwendbare Rinderbrühe, würziger Geschmack) 1er Pack (1 x 1kg)"
"478","8711327414969","Knorr  Pasta Snack Pot Brokkoli & Käse leckere Instant Nudeln fertig in nur 5 Minuten 8x 62 g"
"479","4007801120483","Knorr Kartoffelsuppe mit Gemüse Trockenmischung (natürlicher Kartoffelgeschmack, leichte Gemüsenote) 1er Pack (1 x 1,65kg)"
"480",NA,"Knorr Fix Würzbasis Currywurst, 36 g 2 Portionen"
"481","8720182406354","Knorr Spaghetteria Nudel-Fertiggericht Spinaci leckeres Nudelgericht fertig in 6 Minuten 160 g"
"482","4000400115003","Knorr Vogtländer Kartoffel Cremesuppe Trockenmischung (frischer Kartoffel- und Speckgeschmack) 1er Pack (1 x 3 kg)"
"483","8710522965924","Knorr Fix Würzmischung Geschnetzeltes Züricher Art leckeres Geschnetzeltes Rezept 100% natürliche Zutaten ohne zugesetzten Zucker* 30 g"
"484",NA,"Knorr Delikatess Sauce zu Braten (pur als Bratensoße, Soßenbinder und zum Verfeinern), 1er Pack (1 x 1 kg) & Dose Rahm Soße 238 g"
"485","8720182269188","Hellmann's  Vegan Mayo Garlic leckere Mayonnaise zum Dippen und Verfeinern 270 gr"
"486","8711327416277","Knorr  Pasta Snack Rahm & Kräuter leckerer herzhafter Snack fertig in nur 5 Minuten 8x 62 g"
"487","4007801104377","Knorr Zwiebel Suppe Trockenmischung (ausgewogener Zwiebel Geschmack) 1er Pack (1 x 2,4 kg)"
"488","4046800110927","Mondamin  Soßenbinder Dunkel für dunkle Soßen ohne Klümpchen fettarm und geschmacksneutral 250 g"
"489",NA,"Knorr Meisterkessel Hühnersuppe 6x500g"
"490",NA,"Knorr Pasta Snack verschiedene Sorten mit leckeren Instant Nudeln fertig in nur 5 Minuten, 1 Portion 24 Stück"
"491","4000400147745","Knorr Steinpilz Cremesuppe Trockenmischung (natürlicher Pilzgeschmack mit Kräutern verfeinert) 1er Pack (1 x 1,65kg)"
"492","8720182269195","Hellmann's Vegan Mayo Baconnaise leckere Mayonnaise zum Dippen und Verfeinern 270 gr 6 Stück"
"493","8720182057211","Knorr  Sauce Pur Sauce zu Braten   112 g 1 Stück"
"494","4000400330826","Pfanni"
"495","8712566551972","Lukull Sauce Hollandaise balance sofort einsetzbar, zart, cremig und gelingsicher, 12er Pack (12 x 250 ml)"
"496",NA,"Knorr Couscous Gericht für die schnelle Zubereitung Mediterran (aus 100% natürlichen Zutaten) 6er Pack ( 6 x 150 g)"
"497","8718114958491","Knorr"
"498","4007801174998","Knorr Sunshine Chili Knoblauch Sauce (asiatische süß-feurige Würzsauce) 1er Pack (1 x 1 Liter)"
"499","8711327465633","Knorr Activ Vollkorn Hörnchen mit Grünem Pesto 149g Beutel, 148 g"
"500","8714100683927","Knorr  Pasta Snack Pot Bolognese leckere Instant Nudeln fertig in nur 5 Minuten 68 g"
"501","8722700483076","Knorr Professional Würzpaste Knoblauch (natürlicher Geschmack, immer einsatzbereit) 1er Pack (1 x 750g)"
"502","8710447895214","Knorr Cup a Soup Tomaten Cremesuppe mit Knusper-Croutons leckere Gemüsesuppe ohne geschmacksverstärkende Zusatzstoffe und Farbstoffe 12x 57 g"
"503",NA,"Knorr Meisterkessel Bohnen-Speck Suppeneintopf 6x500g"
"504","8714100685501","Hellmann's Tomato Ketchup (fruchtig, tomatiger Geschmack) 1er Pack (1 x 5 kg)"
"505","8717163861806","Knorr Fix Würzmischung Rouladen für ein leckeres Fleischgericht ohne geschmacksverstärkende Zusatzstoffe 31 g 1 Stück"
"506","4007801105985","Knorr Paprika Sauce Cremig (pikant- fruchtiger Paprikageschmack) 1er Pack (1 x 1 kg)"
"507","4000400311023","Mondamin SG Milch1/2L   13x      BT"
"508",NA,"Knorr Dreikornnockerl (Suppeneinlage aus Hafer, Weizen und Roggen) 1er Pack (1 x 2,5 kg)"
"509","8714100943984","Knorr Asia Noodles Instant Nudeln Huhn-Geschmack schnelles Nudelgericht fertig in nur 4 Minuten 11x 70 g"
"510","8712566332090","Knorr  Suppenliebe Buchstaben Suppe leckere Nudelsuppe mit natürlichen Zutaten 3 Teller"
"511","8720182421968","Knorr  Suppenliebe Disney Die Eiskönigin Suppe leckere schnelle Suppe für Kinder und Erwachsene mit natürlichen Zutaten 2 Portionen"
"512","4038700102522","Knorr Kräuterlinge Würzmischung zum Streuen Italienische Kräuter für Salatdressing, Pasta und Pizza mit nachhaltig angebauten Kräutern 60 g"
"513","8720182405081","Knorr  Mischung fuer Gerichte MOZZARELLA"
"514","4038700117007","Knorr Knorr Braten Soße Extra 3 x 250 ml"
"515","8714100823590","Knorr  Salatkrönung 7-Kräuter für ein leckeres Salatdressing mit natürlichen Zutaten* 5x 3 Portionen"
"516","8718114824420","Knorr Fix Würzmischung Puten-Geschnetzeltes für ein leckeres Geschnetzeltes Rezept ohne geschmacksverstärkende Zusatzstoffe 36 g 1 Stück"
"517","8711200338917","Knorr Pasta Bolognese 160g 160g"
"518",NA,"Knorr Delikatess Sauce zu Braten (pur als Bratensoße, Soßenbinder und zum Verfeinern), 1er Pack (1 x 1 kg) & klare Fleischsuppe mit Suppengrün 1er Pack (1 x 0,88 kg)"
"519","8714100823712","Knorr  Salatkrönung Zwiebel-Kräuter für ein leckeres Salatdressing mit natürlichen Zutaten* 5x 3 Portionen"
"520","4007801106814","Knorr Delikatess Sauce zu Braten (pur als Bratensoße, Soßenbinder und zum Verfeinern), 1er Pack (1 x 1 kg)"
"521","8711200721986","Pfanni"
"522","8711200454655","Mondamin  Snack Becher Milchreis Klassisch für zwischendurch oder als Dessert glutenfrei und vegetarisch 58 g 1 Stück"
"523","4007801105831","Knorr Paprika Sauce Ungarischer Art (mit ausgewogenem Geschmack, vegetarisch) 1er Pack (1 x 1 kg)"
"524","8712566434084","Pfanni  Stampf Kartoffeln fast wie selbst gemacht für ein leckeres Kartoffelgericht mit 100% deutschen Kartoffeln 183 g"
"525","4007801303527","Knorr klare Fleischsuppe (mit Suppengrün, Rinderbrühe nach bewährter Rezeptur) 1er Pack (1 x 5 kg)"
"526","4000400140821","Knorr Soße nach Art Hollandaise 3x0,25l 3x250ml"
"527","8711200384167","Knorr"
"528","8711327458871","Knorr"
"529","4007801107491","Knorr Aromat Universal 500 g, 1er Pack (1 x 0.5 kg)"
"530",NA,"Knorr Gemüse Bouillon Pur mit vollem Geschmack, vegan und schonend eingekocht 28 g (Packung mit 2)"
"531","4007801109198","Knorr Salatspezialität Taboulé 625 g, 1er Pack (1 x 0.625 kg)"
"532",NA,"Knorr Feinschmecker Spargel Suppe, 2 Teller, 10er Pack"
"533","9000275710704","Knorr Goldaugen Rindsuppe (vielseitig anwendbare Rinderbrühe, authentischer Geschmack und perfekter Suppenspiegel) 1er Pack (1 x 5 kg)"
"534","4007801321224","Pfanni Kartoffel-Granulat Blitz-Püree mit Vollmilch, 1er Pack (1 x 5 kg)"
"535","8722700482017","Knorr Professional Würzpaste Ingwer (natürlicher Geschmack, immer einsatzbereit) 1er Pack (1 x 750 g)"
"536","8710522970751","Knorr Fix Würzmischung Natürlich Lecker! Chili con Carne für ein leckeres Fleischgericht mit 100% natürlichen Zutaten 2 Portionen"
"537",NA,"Knorr Käse Sauce (cremige Konsistenz, abgerundeter Käsegeschmack) 1er Pack (1 x 1kg) & Rahmsauce (cremig, auch als Saucenbinder) 1er Pack (1 x 1 kg)"
"538","8710522890943","Knorr  Paprika Sauce ungarische Art   250 ml 1 Stück"
"539","8711200414383","Knorr"
"540","4007801104285","Knorr Fleischklößchen Suppe mit Eiermuscheln (vollmundige, klare Suppe) 1er Pack (1 x 2,4 kg)"
"541",NA,"Knorr Big Pasta Snack Pot Käse-Sahne-Sauce leckeres Nudelgericht fertig in nur 5 Minuten, 8 x 92 g Becher & nack Bar Nudeln in Tomate-Mozzarella-Sauce, 8er Pack (8 x 72 g)"
"542",NA,"Knorr Kräuter Rahm Sauce Trockenmischung (helle, cremige Sauce und frischer Kräutergeschmack) 1er Pack (1 x 1 kg)"
"543","8711200463800","Knorr  Pasta Snack Creamy Pesto leckere Instant Nudeln fertig in nur 5 Minuten 68 g"
"544","8718114824970","Knorr Fix Würzmischung Nudel-Hackfleisch-Gratin für einen leckeren Nudelauflauf ohne geschmacksverstärkende Zusatzstoffe 36 g 1 Stück"
"545",NA,"Knorr Spaghetteria Spinaci Fertiggericht Pasta (in Spinat-Käse-Sahne-Sauce) 10 x 160 g & Snack Bar Spaghetti mit Käse Sahne Sauce, 8er Pack (8 x 71 g)"
"546",NA,"Mondamin Porridge Apfel-Zimt Becher, 8er Pack (8 x 65 g)"
"547","8712100380747","Knorr Professional konzentrierte Bouillon Gemüse (flüssig, vegan, 30 g Bouillon genügen für 1L Wasser) 1er Pack (1x1L)"
"548","8714100957950","Knorr  Pasta Snack Pot Tomato & Mozzarella leckere Instant Nudeln fertig in nur 5 Minuten 8x 72 g"
"549",NA,"Hellmann's American Style Yellow Mustard Senf (Klassisch mild, würziger Senfgeschmack) 8er Pack (8 x 260 g)"
"550",NA,"Knorr Big Pasta Snack Pot Käse-Sahne-Sauce leckeres Nudelgericht fertig in nur 5 Minuten, 8 x 92 g Becher & Kartoffel Snack Speck & Zwiebeln (mit nachhaltig angebauten Kartoffeln), 8er Pack( 8 x 58g )"
"551",NA,"Knorr Feinschmecker Kräuter Soße, 11er-Pack (11 x 250 ml)"
"552","8712100596421","Knorr Professional Bouillon Rind (geliert, vollmundiger Geschmack, 1 EL Bouillon genügt für 1 L Wasser) 1er Pack (1 x 800g)"
"553","4007801174967","Knorr Ketjap Manis süße Soja Sauce (asiatische Würzsauce) 1er Pack (1 x 1 l)"
"554",NA,"Knorr Goldaugen Rindsuppe (vielseitig anwendbare Rinderbrühe, authentischer Geschmack und goldener Suppenspiegel), 1er Pack (1 x 25 kg)"
"555","8714100893258","Knorr Salatkrönung Thousand Island 210ml 210ml"
"556","4046800110767","Mondamin  Kaiserschmarrn Österreichische Art Süßspeise schnell zubereitet, nur Milch zugeben 2 Portionen"
"557",NA,"Knorr Worcester Soße (würziger, pikanter Geschmack) 1er Pack (1 x 1 l)"
"558","8710604733281","Knorr Fix Würzmischung One Pot Pasta Tomate-Käse für eine schnelle Zubereitung ohne geschmacksverstärkende Zusatzstoffe 38 g"
"559","8711200369386","Knorr Suppe Karotten Cremesuppe im Glas 3x450 ml"
"560","8718114837208","Knorr Fix Würzmischung Hack-Reis Topf für ein leckeres Gericht mit Hackfleisch ohne geschmacksverstärkende Zusatzstoffe 49 g"
"561","8722700481034","Knorr Professional Würzpaste Curry mild (natürlicher Geschmack, immer einsatzbereit) 1er Pack (1 x 750g)"
"562","4046800111047","Mondamin  Speisestärke Feine zum Kochen und Backen vegan und glutenfrei 400 g"
"563","8710447906408","Knorr Natuerl Tagli La  19x 39g  BT"
"564","4013300531385","Knorr"
"565","8711327458994","Knorr  Vollkorn Pasta Snack Spinat & Käse leckere Vollkorn Instant Nudeln fertig in nur 5 Minuten 60 g 1 Portion"
"566","4007801304821","Knorr Rinder Kraftbouillon (vielseitig anwendbare Rinderbrühe, würziger Geschmack) 1er Pack (1 x 5 kg)"
"567",NA,"Knorr Speciale al Gusto Nudelsauce Bolognese (mit nachhaltig angebauten, sonnengereiften Tomaten aus Italien), 12er Pack (12 x 370 g)"
"568","8711200463978","Knorr Taste the World Pasta Snack Arrabiata leckere Instant Nudeln fertig in nur 5 Minuten 66 g"
"569","8712423044869","Knorr Feinschmecker Suppe Steinpilz 67 g"
"570","4000400130495","Pfanni  Kartoffel Knödel Halb & Halb der Klassiker für ein leckeres Kartoffelgericht mit 100% deutschen Kartoffeln 400 g 1 Stück"
"571","8712566361458","Knorr  Gemüse Bouillon Pur mit vollem Geschmack vegan 6x 28 g"
"572","8712566065011","Knorr  Karibik Sauce leckere Grillsauce mit süßlich-scharfem Geschmack 250 ml"
"573",NA,"Knorr Fix für Jägerschnitzel (10 x 47 g)"
"574","8711200369355","Knorr Suppe Kürbis Cremesuppe im Glas für die schnelle Mahlzeit aus 100% natürlichen Zutaten 3 x 450 ml"
"575",NA,"Knorr Fix für Hackfleisch Jäger Art (10 x 36 g)"
"576","4013300531286","Knorr"
"577","8710908982392","Knorr Reis Snack Curry 87g 87g"
"578","8710447948590","Hellmann's Senf mittelscharf Mini Glas (perfekte Serviergröße im Gastraum) 1er Pack (80 x 33 ml)"
"579","4038700302083","Knorr  Delikatess Brühe vegane Gemüse Brühe mit würzigem Geschmack 6x 329 g"
"580","8712100839023","Hellmann's Ketchup, 430 ml"
"581","4000400324443","Mondamin Pudding Bourbon-Vanille, 3 Portionen, 13er Pack"
"582","4000400312174","Mondamin  American Style Pancake Teig-Mix für 12 bis 14 leckere Pfannkuchen nur Milch zugeben und schütteln 8x 215 g"
"583","4032600334113","Pfanni Gnocchi          10x500g  BT"
"584","4000400162397","Pfanni  Kartoffelfertiggericht Kartoffel Gratin ""Fix & Fertig"" für die schnelle Zubereitung 100% deutsche Kartoffeln 400 g"
"585","4000400147547","Knorr Feinschmecker Kräuter Sauce leckere helle Soße ohne geschmacksverstärkende Zusatzstoffe 250 ml 1 Stück"
"586","9000275801815","Maizena Fix Saucenbinder dunkel (Bindemittel zum Abbinden dunkler Suppen und Saucen) 2er Pack (2 x 1kg)"
"587","8711200886838","Knorr  Suppenliebe Buchstaben Suppe leckere Nudelsuppe mit natürlichen Zutaten 14x 3 Teller"
"588","9000275430404","Knorr Salatkrönung Italienische Art (Salatdressing einfach zuzubereiten, flexibel einsetzbare Salatsoße) 1er Pack (1 x 1 kg)"
"589","8710522802007","Knorr Knusper Topping Italienische Kräuter, 40g"
"590","8714100890363","Lukull  Sauce Lukull Hollandaise, besonders cremige Sauce zu Spargel, Gemüse, Fleisch und Fisch, 250 ml tafelfertige Sauce"
"591","4000400330796","Pfanni"
"592",NA,"Knorr Käse Sauce (cremige Konsistenz, abgerundeter Käsegeschmack) 1er Pack (1 x 1kg) & Delikatess Sauce zu Braten (pur als Bratensoße, Soßenbinder und zum Verfeinern), 1er Pack (1 x 1 kg)"
"593","4032600322189","Pfanni  Kartoffel Püree mit Räucherspeck & Zwiebeln für ein leckeres Kartoffelgericht mit 100% deutschen Kartoffeln 10x 150 g"
"594","8717163861769","Knorr Fix Würzmischung Chili con Carne für einen würzigen Eintopf mit natürlichen Zutaten* 33 g"
"595",NA,"Knorr Pasta Snack Brokkoli-Käse-Sauce leckeres Nudelgericht fertig in nur 5 Minuten - 8 x 62 g Becher -, 496 g & Snack Bar Spaghetti Bolognese, 8er Pack (8 x 68 g)"
"596","4007801104445","Knorr Minestrone mit Nudeln und Gemüse (verfeinert mit mediterranen Kräutern) 1er Pack (1 x 1,2 kg)"
"597",NA,"Knorr Kaiserteller Speckknoedel, 1x63g"
"598",NA,"Knorr Snack Bar Spaghetti Bolognese, 8er Pack (8 x 68 g) & Kartoffel Snack Speck & Zwiebeln (mit nachhaltig angebauten Kartoffeln), 8er Pack ( 8 x 58g )"
"599","8720182078896","Knorr"
"600","4000400117717","Knorr Soße zu Schweinebraten leckere dunkle Soße ohne geschmacksverstärkende Zusatzstoffe 3x 78 g"
"601","8710447773161","Knorr Natürlich Lecker Lasagne Fix 3 Portionen (19 x 43g)"
"602",NA,"Knorr Kokosmilch Pulver (Milk Powder aus 20 frischen Kokosnüssen, ergibt 6,6 Liter Kokosmilch) 1er Pack (1 x 1 kg) & Umami Würzmischung (feiner, vollmundiger Geschmack) 1er Pack (1 x 1kg)"
"603","8714100883303","Pfanni  Kartoffel Pueree 100% Natürlich   1 x 4 Portionen 120g Beutel"
"604","4007801108023","Knorr Salatkrönung Dressing Salathit konzentriert, 1er Pack (1 x 0,77 l)"
"605","8710447895238","Knorr  Cup a Soup Kartoffel Cremesuppe mit Knusper-Croûtons schnelle Suppe ohne geschmacksverstärkende Zusatzstoffe und Farbstoffe 12x 48 g"
"606",NA,"Knorr Paprika Sauce (pikant- fruchtiger Paprikageschmack) 1er Pack (1 x 1 kg) & Delikatess Sauce zu Braten (pur als Bratensoße, Soßenbinder und zum Verfeinern), 1er Pack (1 x 1 kg)"
"607","8714100953570","Knorr  Pasta Snack Pot Gulasch-Sauce leckere Instant Nudeln fertig in 5 Minuten 8x 60 g"
"608","8718114825014","Knorr Fix Würzmischung Sauerbraten für ein leckeres Fleischgericht ohne geschmacksverstärkende Zusatzstoffe 37 g"
"609","8712100240744","Knorr"
"610",NA,"Knorr Bröselknöderl (traditionelle Suppeneinlage) 1er Pack (1 x 3kg)"
"611","8712100484858","Knorr Umami Würzmischung (feiner, vollmundiger Geschmack) 1er Pack (1 x 1kg)"
"612","8714100823644","Knorr  Salatkrönung Gartenkräuter für ein leckeres Salatdressing mit natürlichen Zutaten* 5x 3 Portionen"
"613","8711200340019","Knorr Feinschmecker Suppe Waldpilz Cremesuppe leckere Pilzsuppe ohne geschmacksverstärkende Zusatzstoffe und ohne Farbstoffe 16x 2 Teller"
"614","8710522734667","Knorr  Big Pot Pasta Snack Käse & Sahne leckere Instant Nudeln fertig in nur 5 Minuten 8x 92 g"
"615","4038700114044","Knorr  Feinschmecker 3 Pfeffer Sauce würzige Soße ohne geschmacksverstärkende Zusatzstoffe und Farbstoffe 250 ml"
"616","8710522966419","Knorr Fix Würzmischung Tagliatelle mit Lachs leckeres Nudelgericht 100% natürliche Zutaten ohne zugesetzten Zucker* 39 g 1 Stück"
"617",NA,"Knorr Pasta Snack Rahm Sauce leckeres Nudelgericht fertig in nur 5 Minuten - 8 x 62 g Becher -, 496 g & Snack Bar Spaghetti Bolognese, 8er Pack (8 x 68 g)"
"618","4007801104001","Knorr Gulasch Cremesuppe Trockenmischung (typisch, würziger Basisgeschmack) 1er Pack (1 x 2,7kg)"
"619","4046800310815","Mondamin  Milchreis Vanille-Geschmack für ein süßes Dessert schnell zubereitet, nur Milch zugeben 8x 117 g"
"620","8712100671135","Knorr Fix Würzmischung Chili con Carne Unser Bestes für ein leckeres Fleischgericht ohne geschmacksverstärkende Zusatzstoffe 49 g"
"621","8712423027206","Hellmann's BBQ Sauce Original Grillsauce mit typisch süßlich-rauchigem Geschmack Klassische amerikanisches, 8er Pack (8 x 250 ml)"
"622","8712100935336","Knorr Ketchup Curry, 8er Pack (8 x 430 ml) Ketchup Curry 430 ml (8er Pack)"
"623","9000275712012","Knorr Goldaugen Rindsuppe (vielseitig anwendbare Rinderbrühe, authentischer Geschmack und idealer Suppenspiegel) 1er Pack (1 x 1 kg)"
"624","8718114823621","Knorr Fix Würzmischung Paprika-Rahm Schnitzel für ein leckeres Schnitzel Gericht mit natürlichen Zutaten 3 Portionen"
"625","9000275744709","Knorr Braune Grundsauce 2 kg"
"626",NA,"Knorr Spaghetteria Nudel-Fertiggericht Panna leckeres Nudelgericht fertig in 6 Minuten 163 g 1 Stück"
"627",NA,"Knorr Sahne Sauce Carbonara 1 kg, 1er Pack (1 x 1 kg) & Käse Sauce (cremige Konsistenz, abgerundeter Käsegeschmack) 1er Pack (1 x 1kg)"
"628",NA,"Knorr Fix Schmorbraten 4 Portionen (5 x 41 g)"
"629","8720182408938","Knorr Spaghetteria Nudel-Fertiggericht Carbonara leckeres Nudelgericht  9x 155g"
"630","0000040387994","Knorr  Soße zu Braten leckere dunkle Soße ohne geschmacksverstärkende Zusatzstoffe 3x 250 ml"
"631","4000400348289","Knorr"
"632","4007801112945","Knorr Chinesische Sauce süß-sauer (pikante Sauce mit Gemüsestücken) 1er Pack (1 x 2,25 l)"
"633","4007801107620","Mondamin Roux dunkel Klassische Mehlschwitze 1 kg, 1er Pack (1 x 1 kg)"
"634","8714100823842","Knorr"
"635","8710604725545","Knorr Tomato al Gusto Nudelsosse Italienische Kräuter   500 g"
"636","4038700117243","Knorr  Jäger Soße leckere braune Sauce ohne geschmacksverstärkende Zusatzstoffe 184 g 1 Stück"
"637","8720182130945","Knorr  Suppe mit Rind Bouillon mit kräftigem Geschmack und natürlichen Zutaten 330 g"
"638",NA,"Knorr Cup a Soup Kartoffelcreme (mit Knusper-Croutons Instant Suppe 3 Tassen) 12er Pack & Cup a Soup Spargelcreme Instant Suppe (12 x 3 Tassen)"
"639","8717163861752","Knorr Fix Würzmischung Gulasch für ein leckeres Fleischgericht ohne geschmacksverstärkende Zusatzstoffe und Farbstoffe 46 g 1 Stück"
"640","8714100824023","Knorr  Salatkrönung Paprika Kräuter für ein leckeres Salatdressing mit natürlichen Zutaten* 15x 5er Pack"
"641","8717163861790","Knorr Fix Würzmischung Knuspriges Wiener Schnitzel für ein leckeres Schnitzel Gericht mit natürlichen Zutaten 3 Portionen"
"642","8714100696538","Pfanni  Kartoffel Snack Röstzwiebeln & Croûtons Kartoffelgericht ideal für zwischendurch aus nachhaltiger Landwirtschaft 56 g"
"643",NA,"Knorr Kräuternockerl (vorgeformte Nockerl mit ausgewählten Gartenkräutern) 1er Pack (1 x 2,5 kg)"
"644","4000400336613","Pfanni"
"645","4000400330574","Pfanni  Kartoffel Knödel Halb & Halb der Klassiker für ein leckeres Kartoffelgericht mit 100% deutschen Kartoffeln 3x 200 g"
"646","8710604724739","Knorr Fix Würzmischung Spaghetti Carbonara für ein leckeres Nudelgericht ohne geschmacksverstärkende Zusatzstoffe 36 g 1 Stück"
"647","8718114947440","Knorr Fix Schwedische Hackbällchen Köttbular, 49 g (10er Pack)"
"648","8714100953143","Pfanni  Kartoffel Snack mit Fleischbällchen & Röstzwiebeln leckeres Kartoffelgericht fertig in nur 3 Minuten 8x 53 g"
"649","8711200369331","Knorr Suppe Tomaten Cremesuppe im Glas für die schnelle Mahlzeit aus 100% natürlichen Zutaten 3x450 ml"
"650","8710447845110","Hellmann's Real Mayonnaise (mit Rapsöl, ideal als Pommes und Burger Sauce und für Salat Dressings), 1er Pack (1 x 5 l)"
"651",NA,"Knorr Fix Schlemmer-Geschnetzeltes, 43g Beutel, 11er Pack (11 x 43 g)"
"652","8714100779477","Knorr Professional Geflügel Fond (ausgewogene Basis für Saucen und Suppen) 1er Pack (1 x 1 l)"
"653",NA,"Knorr Rindessa Rindfleisch Bouillon (kräftiger Geschmack) 1er Pack (1 x 12 kg)"
"654","4038700101105","Knorr  Soße zu Braten leckere dunkle Sauce ohne geschmacksverstärkende Zusatzstoffe 253 g 1 Stück"
"655","9000275698217","Knorr Sweety Kaiserschmarrn, 2 Portionen, 7er Pack (7 x 205 g)"
"656","8710522798126","Knorr Knorr Tomato al Gusto Napoli 500 g, 500 g"
"657","8711200340071","Knorr  Feinschmecker Blumenkohl Broccoli Suppe leckere Gemüsesuppe mit nachhaltig angebautem Gemüse 13x 2 Teller"
"658","4038700317025","Knorr Rahm Soße 3 x 250 ml, 15er-Pack"
"659","8714100823989","Knorr"
"660","8711327459007","Knorr  Vollkorn Pasta Snack Spinat & Käse leckere Vollkorn Instant Nudeln fertig in nur 5 Minuten 8x 60 g"
"661",NA,"Hellmann's Real Mayonnaise Portionsbeutel (mit Eiern aus Freilandhaltung) 1er Pack (198 x 10 ml)"
"662","4038700114037","Knorr Feinschmecker Jäger Sauce leckere braune Sauce ohne geschmacksverstärkende Zusatzstoffe und Farbstoffe 250 ml 1 Stück"
"663",NA,"Knorr Rahmsauce (cremig, auch als Saucenbinder) 1er Pack (1 x 1 kg) & Bratenjus pastös (vielseitig anwendbar als klarer Bratensaft, Bratensoße und braune Soße) 1er pack (1 x 0,4 kg)"
"664","9000275786709","Knorr Pistaziennockerl (vorgeformte Nockerl mit feinnem Pistaziengeschmack) 1er Pack (1 x 3 kg)"
"665","4007801106784","Knorr Jäger Sauce mit Champignons (braune Sauce, mittlere Bindung) 1er Pack (1 x 3kg)"
"666","8720182301734","Hellmann's  Cheese Style Sauce leckere Grillsauce perfekt zu Burger und Nachos 250 ml 1 Stück"
"667","4007801109600","Knorr Salatkrönung Universal Kräuter (Salatdressing einfach zuzubereiten, für flexibel einsetzbares Dressing) 1er Pack (1 x 0,5 kg)"
"668","8712566403509","Knorr Suppenliebe Steinpilz-Suppe 750ml 56ml"
"669",NA,"Mondamin Porridge Schoko-Banane Becher, 8er Pack (8 x 65 g)"
"670","8711200337958","Calve  Erdnussbutter Creamy leckerer Brotaufstrich ohne Zuckerzusatz 8x 210g"
"671","4007801106760","Knorr Jäger Sauce mit Champignons (braune Sauce, mittlere Bindung) 1er Pack (1 x 1 kg)"
"672",NA,"Mondamin Snack Becher Porridge Apfel 8x 70 g"
"673","4007801105954","Knorr Pfeffer Sauce 1 kg, 1er Pack (1 x 1 kg)"
"674","4013300531255","Knorr"
"675",NA,"Knorr Fix Pfeffer-Rahm Medaillons 3 Portionen (1 x 35 g)"
"676","4007801104315","Knorr Rindfleisch Suppe mit Ribeli Pasta (vollmundiger Geschmack, frisches Gemüse) 1er Pack (1 x 2,4 kg)"
"677","8712566012848","Knorr  Karibik Sauce leckere Grillsauce mit süßlich-scharfem Geschmack 6x 250 ml"
"678","8714100430880","Knorr Natuerl Wikitopf  19x 32g  BT"
"679","9000275742910","Knorr Roux weiße Mehlschwitze (sofortige, stabile Saucen Bindung) 1er Pack (1 x 1kg)"
"680","8717163934142","Knorr Linsen Bolognese Fix 44g 44g"
"681","8714100823866","Knorr  Salatkrönung Dill-Kräuter für ein leckeres Salatdressing mit natürlichen Zutaten* 5x 3 Portionen"
"682","8714100109311","Knorr Natürlich Lecker! Paprika-Rinder Geschnetzeltes für 3 Portionen, 23er Pack (23 x 31 g)"
"683","8720182334640","Hellmann's  BBQ Sauce intensive und würzige Grillsauce mit kräftigem Geschmack 250 ml 1 Stück"
"684","4007801106289","Knorr Collezione Italiana Tomato al Gusto Kräuter, 1er Pack (1 x 1 kg)"
"685","8712423021686","Knorr  Salatkrönung Kartoffelsalat für ein leckeres Salatdressing mit natürlichen Zutaten* 15x 5er Pack"
"686","8717163861714","Knorr Fix Würzmischung Spaghetti Bolognese für ein leckeres Nudelgericht ohne geschmacksverstärkende Zusatzstoffe 38 g"
"687","8714100824061","Knorr"
"688","8714100953624","Knorr  Pasta Snack Pot Tomate & Kräuter leckere Instant Nudeln fertig in nur 5 Minuten 8 x 69 g"
"689","4000400132390","Pfanni  Mini-Knödel Kartoffel   400g"
"690","8712423045194","Knorr"
"691","8711200454099","Mondamin Porridge Klassisch 70g 70g"
"692","8714100946312","Knorr  Pasta Snack Pot Bolognese leckere Instant Nudeln fertig in nur 5 Minuten 8x 68 g"
"693","8711200851812","Knorr"
"694","8710522627594","Knorr Asia Noodles Instant Nudeln Beef Taste leckere Asia Nudeln fertig in nur 3 Minuten 63 g"
"695","8712566427048","Knorr Großmutters Geheimnis Deftiger Erbseneintopf mit Speck und Kartoffeln für eine leckere deftige Suppe mit nachhaltig angebautem Gemüse 122 g"
"696",NA,"Knorr Salatkrönung Croutons (10 x 25 g)"
"697",NA,"Knorr Salat Mayonnaise ideal zum Verfeinern Flasche, 8er Pack (8 x 430 ml)"
"698","8711327465589","Knorr Activ Veggie Weizen Linsen Spirelli Mediterran 143g Beutel, 142 g"
"699",NA,"Knorr Paprika Sauce (pikant- fruchtiger Paprikageschmack) 1er Pack (1 x 1 kg) & Rahmsauce (cremig, auch als Saucenbinder) 1er Pack (1 x 1 kg)"
"700","4007801105794","Knorr Wildsauce - braune Sauce mit pikantem Wildgeschmack, 1 kg"
"701","8711200424979","Hellmann's  Sauce mit Chili scharfe Sauce ideal zum Dippen und Verfeinern 8x 250 ml"
"702","4000400130693","Pfanni  Kartoffel Püree Das Komplette für ein leckeres Kartoffelgericht mit 100% deutschen Kartoffeln 283.5 g"
"703","8711200457274","Lukull  Sauce Hollandaise balance   250 ml"
"704","4000400130822","Pfanni  Teig Klöße mit rohen Kartoffeln   335 g"
"705","8710447948606","Hellmann's Tomato Ketchup Mini Glas (perfekte Serviergröße im Gastraum) 1er Pack (80 x 33ml)"
"706","4000492003738","Lukull Sauce Hollandaise aus zart cremiger Konsistenz 1000ml 1000 ml"
"707","5996358042241","Knorr Sauce Demi Glace granuliert 1,05kg, 1050 g"
"708","8714100953617","Knorr Snack Bar Nudeln in Käse-Kräuter-Sauce, 8er Pack (8 x 65 g)"
"709","4038700114181","Knorr  Feinschmecker Edelpilz Sauce leckere braune Sauce ohne geschmacksverstärkende Zusatzstoffe 250 ml 1 Stück"
"710","8710522801406","Knorr Knusper Topping Orientalische Gewürze, 40g"
"711","8712100839139","Unilever Deutschland Hellmann's Real Mayonnaise 430ml"
"712","8711327456914","KNORR  Pasta Snack verschiedene Sorten mit leckeren Instant Nudeln fertig in nur 5 Minuten, 1 Portion 24 Stück"
"713",NA,"Knorr Gemüsegold Bouillon Gemüsebrühe (ausgeprägter Gemüsegeschmack) 1er Pack (1 x 1 kg) & Goldaugen Rindsuppe (vielseitig anwendbare Rinderbrühe, authentischer Geschmack) 1er Pack (1 x 1 kg)"
"714","8712100378720","Knorr Professional konzentrierte Bouillon Huhn (flüssig, perfekt zum Abrunden, 30 g Bouillon genügen für 1 L Basis) 1er Pack (1 x 1L)"
"715","4000400148599","Lukull Sauce Hollandaise balance (15 Prozent Fett) zart, cremig und gelingsicher, 1er Pack (1 x 1 L)"
"716","8710604786737","Knorr"
"717","4038700128188","Knorr Feinschmecker Zitronen Butter Sauce leckere helle Soße ohne geschmacksverstärkende Zusatzstoffe 250 ml 1 Stück"
"718",NA,"Mondamin Pudding mit Vanillegeschmack im Snackbecher (glutenfrei und vegetarisch) 8er Pack (8 x 52 g) & Grießbrei klassisch, 8 x 60 g"
"719","8710522970201","Knorr Fix Würzmischung Natürlich Lecker! Spaghetti Bolognese Nudelgericht mit 100% natürlichen Zutaten und sonnengereiften Tomaten aus der Mittelmeerregion 3 Portionen"
"720","8714100823705","Knorr  Salatkrönung Paprika Kräuter für ein leckeres Salatdressing mit natürlichen Zutaten* 5x 3 Portionen"
"721","8720182021427","Knorr  Pasta Snack Tomate & Fleischbällchen leckere Instant Nudeln fertig in nur 5 Minuten 63 g 1 Stück"
"722","8717163861813","Knorr Fix Würstchen Gulasch 29g 29g"
"723","4000400340825","Knorr Soße nach Art Hollandaise, 15er Pack (15 x 750 ml)"
"724","8714100823729","Knorr Sk Tr HimBalsami  15x      PK"
"725",NA,"Knorr Gourmet Sauce Hollandaise (feiner Buttergeschmack) 2er Pack (2x 1L)"
"726","8718114835808","Knorr Fix Würzmischung Seelachs in Kräuter-Dill-Rahm für ein leckeres Fisch Gericht ohne geschmacksverstärkende Zusatzstoffe 30 g"
"727",NA,"Knorr Natürlich Lecker Puten Paprika Geschnetzeltes, 3 Portionen, 12er Pack"
"728","8717163861844","Knorr Fix Würzmischung Ofen-Makkaroni alla mamma für ein leckeres Nudelgericht ohne geschmacksverstärkende Zusatzstoffe 48 g"
"729",NA,"Knorr Pasta Snack Becher verschiedene Sorten Sortimentskarton, 24 x 70 g (24 x Snackbecher - 3 x Sorten), 1.616 kg & Snack Bar Spaghetti mit Käse Sahne Sauce, 8er Pack (8 x 71 g)"
"730","8718114824260","Knorr Fix Würzmischung Kräuter-Rahm Schnitzel für ein leckeres Schnitzel Gericht ohne geschmacksverstärkende Zusatzstoffe 47 g"
"731","8710522974575","Knorr Fix Gewürzmischung Chili con Carne XXL leckerer Chili-Eintopf für die schnelle Zubereitung 250 g"
"732",NA,"Knorr Würzbasis Soße zu Braten (ohne geschmacksverstärkende Zusatzstoffe) 253 g"
"733","8720182069269","Hellmann's  Tomato Ketchup Zuckerreduziert vegane Grillsoße im Squeezer mit vollem Tomatengeschmack 430 ml"
"734","8711327418172","Knorr Taste the World Kartoffel Snack Röstzwiebeln & Croûtons leckeres Kartoffelgericht fertig in nur 5 Minuten 48 g 1 Portion"
"735","8720182021434","Knorr  Pasta Snack Tomate & Fleischbällchen leckere Instant Nudeln fertig in nur 5 Minuten 8x 63g"
"736","4007801104308","Knorr Hühner Suppe mit Nudeln (runder Geschmack, reichlich Einlage) 1er Pack (1 x 2,4kg)"
"737",NA,"Knorr Specknockerl (vorgeformte Nockerl mit kräftigem Speck Geschmack) 1er Pack (1 x 2,5 kg)"
"738","8710604723169","Mondamin Snack Becher Pudding Vanille, 52g"
"739","0000040387444","Knorr Würzmittel Aromat zum Streuen Gewürzmischung zum Verfeinern von Speisen für schnelle Gerichte 100 g"
"740","8710522734759","Knorr  Big Pot Pasta Snack Bolognese leckere Instant Nudeln fertig in nur 5 Minuten 8x 88 g"
"741","8710447914106","Knorr Asia Snack Green Curry Noodles 1 Portion (8 x 65 g)"
"742",NA,"Knorr Tomatensauce (ideale Basis) 1er Pack (1 x 1 kg)"
"743",NA,"Knorr Tomato al Gusto All' Arrabbiata Soße, 1er-Pack (1 x 370 g)"
"744","8712566012770","Knorr"
"745",NA,"Knorr Soße zu Braten Extra, 1er Pack (1 x 2,5 L)"
"746","8712566259663","Knorr Tomato al Gusto Napoli 500g 500g"
"747","8717163865613","Knorr Fix Würzmischung Paprika-Gulasch für eine leckeres Fleischgericht mit natürlichen Zutaten 4 Portionen"
"748","8712566989324","Knorr"
"749","4000400130570","Pfanni  Kartoffel Knödel Halb & Halb der Klassiker für ein leckeres Kartoffelgericht mit 100% deutschen Kartoffeln 200 g"
"750","9000275430107","Knorr Salatkrönung Speck Kräuter Dressing (Trockenmischung für Salatdressing mit ausgesuchten Kräutern, Gewürzen und Speck) 1er Pack (1 x 1 kg)"
"751","4046800110750","Mondamin  Grießbrei Klassische Art für ein süßes Dessert schnell zubereitet, nur Milch zugeben 3 Portionen"
"752","8712566410330","Knorr Suppenliebe Suppe Zwiebel   46 g"
"753","4038700118073","Knorr  Spaghetteria Formagiana leckeres Nudelgericht fertig in 6 Minuten 163 g 2 Portionen"
"754","8720182052797","Knorr"
"755","4013300530012","Unox KMA Speck Zwiebel  10x400ml GL"
"756",NA,"Knorr Feinschmecker Champignon Sauce (11 x 250 ml)"
"757","4007801107736","Mondamin Fix-Soßenbinder dunkel (klumpenfrei, geschmacksneutral) 1er Pack (1 x 1 kg)"
"758","8718114841298","Knorr Fix Würzmischung Wikingertopf mit Hackbällchen für ein leckeres Gericht mit Hackfleisch ohne geschmacksverstärkende Zusatzstoffe 30 g 1 Stück"
"759","8720182301765","Hellmann's"
"760",NA,"Knorr Pasta Snack Tomaten-Mozzarella-Sauce, 8 x 72 g + Knorr Pasta Snack Käse-Kräuter-Sauce (ohne geschmacksverstärkende Zusatzstoffe) 65 g x 8"
"761","4013300031328","Knorr  Cocktail Sauce cremige Grillsauce mit feinem Geschmack 250 ml"
"762","8710604723152","Mondamin Snack Becher Pudding Vanillegeschmack glutenfreier und vegetarischer Vanillepudding fertig in nur 3 Minuten 52 g 8 Stück"
"763","4032600634336","Pfanni"
"764","8710447895177","Knorr  Cup a Soup Hühnersuppe mit Nudeln schnelle Nudelsuppe ohne Farbstoffe und ohne geschmacksverstärkende Zusatzstoffe 12x 3 Portionen"
"765","8710447895160","Knorr  Cup a Soup Spargel Cremesuppe mit Knusper-Croûtons schnelle Suppe mit nachhaltig angebautem Spargel 12x 3 Portionen"
"766","8712566698394","Knorr Delikatess Sauce zu Braten (Gravy) (ideal pur als Bratensoße, Soßenbinder und zum Verfeinern von Bratensaucen), 1er Pack (1 x 10 kg)"
"767",NA,"Hellmann's REAL Salatmayo leckere Salatmayonnaise mit Freilandeiern 210 ml 6 Stück"
"768",NA,"Knorr Pasta Snack Brokkoli-Käse-Sauce leckeres Nudelgericht - 8 x 62 g Becher -, 496 g & Pasta Snack Rahm Sauce leckeres Nudelgericht fertig in nur 5 Minuten - 8 x 62 g Becher -, 496 g"
"769",NA,"Hellmann's Real Mayonnaise (mit Rapsöl, ideal als Pommes und Burger Sauce und für Salat Dressings) 2er Pack (2 x 430ml)"
"770","8711327416208","Knorr  Pasta Snack Rahm & Kräuter leckerer herzhafter Snack fertig in nur 5 Minuten 62 g"
"771","8714100953563","KnorrSnack Bar Nudeln in Pilz-Rahm-Sauce, 8er Pack (8 x 70 g)"
"772","7611100140324","Knorr Kürbis Cremesuppe Trockenmischung (mit Kürbiskerne) 1er Pack (1 x 1,1 kg)"
"773","9000275435003","Knorr Salatkrönung Klares Dressing (Trockenmischung für würzige, klare Salatdressings) 1er Pack (1 x 1 kg)"
"774","8711200340033","Knorr Feinschmecker Strauchtomaten Suppe, 16er Pack (16 x 500 ml)"
"775","8710447895221","Knorr Instant 3er Cham  12x      KT"
"776","9000275780400","Knorr Grießdukaten (beliebte Suppeneinlage in ansprechender Form) 1er Pack (1 x 3kg)"
"777","8712423038103","Knorr  Feinschmecker Schwäbische Flädle Suppe leckere schnelle, deftige Suppe ohne geschmacksverstärkende Zusatzstoffe 15x 2 Teller"
"778","8714100433928","Knorr Knoblauch Sauce    8x250ml FL"
"779","9000275718106","Knorr Gemüsegoldbouillon 15 kg"
"780",NA,"Unox Kart.Mal Anders Kräuter-Knoblauch, 10er Pack (10 x 400 ml)"
"781","4038700126962","Knorr Hüttenschmaus Fertiggericht Emmentaler Makkaroni leckeres Nudelgericht fertig in 10 Minuten 151 g"
"782","8720182429438","Knorr Fix Würzmischung Chili-Auflauf für einen leckeren Nudelauflauf ohne geschmacksverstärkende Zusatzstoffe 33 g 1 Stück"
"783","8718114954912","Knorr"
"784",NA,"Knorr Kaiserteller Wiener Festtag, 15x74g"
"785","4013300531231","Knorr  Knoblauch Sauce cremige Grillsauce mit mildem Geschmack 6x 250 ml"
"786","4000400117212","Knorr Tomaten Soße 3 x 250 ml 3x750ml"
"787","8711200343096","Knorr Knorr Feinschmecker Tomate-Mozzarella 500ml 500ml"
"788",NA,"Lukull Notvorrat Lebensmittel - Milchreis und Kirschen (Großpackung und Konserven)"
"789","9000275786105","Knorr Schnittlauch Topfennockerl (Suppeneinlage mit feinem Schnnittlauch-Topfen Geschmack) 1er Pack (1 x 2,5 kg)"
"790","8710447878972","Knorr Suli 3T Champign  18x      BT"
"791","8717163861837","Knorr Fix Würzmischung Hackbällchen Toskana für ein leckeres Gericht mit Hackfleisch ohne geschmacksverstärkende Zusatzstoffe 39 g"
"792",NA,"Lukull Sauce Hollandaise (zart, cremig und gelingsicher) 4er Pack (1 x 1 l)"
"793","8712100426803","Knorr Tomato Ideal Trockenmischung (für Tomaten Cremesuppen und Tomatensaucen) 1er Pack (1 x 2,7kg)"
"794","9000275422904","Knorr Klare Suppe Pflanzlich, rein pflanzlich, 1er Pack (1 x 5kg)"
"795","8710447914069","Knorr Asia Snack Tom Kha Gai Noodles 1 Portion (8 x 65 g)"
"796","8714100943953","Knorr Asia Noodles Instant Nudeln Rind-Geschmack asiatisches Nudelgericht fertig in nur 4 Minuten 11x 68 g"
"797","8712566909117","Knorr  Suppenliebe Frühlingssuppe für Nudelsuppe mit leckerem Gemüse ohne geschmacksverstärkende Zusatzstoffe und Farbstoffe 14 x  3 Teller"
"798",NA,"Knorr Hühner Kraftbouillon Glas, 4,4 Liter, 10erPack"
"799","4007801103936","Knorr gebundene Ochsenschwanzsuppe Trockenmischung (mit Rosmarinnote) 1er Pack (1 x 2,7 kg)"
"800",NA,"Knorr Kaiserteller Lebernockerl, 12x67g"
"801","4038700128164","Knorr Feinschmecker Pfifferling Sauce leckere hellbraune Soße ohne geschmacksverstärkende Zusatzstoffe 250 ml 1 Stück"
"802","8712100739736","Pfanni Mini Knödel mit Pilze 320g 320g"
"803","8710522734650","Knorr  Big Pot Pasta Snack Käse & Sahne leckere Instant Nudeln fertig in nur 5 Minuten 92 g"
"804","8711327414938","Knorr  Pasta Snack Pilz & Rahm leckere Instant Nudeln fertig in nur 5 Minuten 63 g"
"805",NA,"Knorr Rinder Kraftbouillon (vielseitig anwendbare Rinderbrühe, würziger Geschmack) 1er Pack (1 x 1kg) & Delikatess Sauce zu Braten (pur als Bratensoße, Soßenbinder und zum Verfeinern) 1 x 1 kg"
"806",NA,"Knorr Hühner Kraftbouillon Hühnerbrühe (mit kräftigem Huhngeschmack) 1er Pack (1 x 1 kg) & Gemüse Kraftbouillon (Gemüsebrühe mit Suppengrün, rein pflanzlich, vegan) 1er Pack (1 x 1 kg)"
"807",NA,"Knorr Hühner Kraftbouillon Hühnerbrühe (mit kräftigem Huhngeschmack) 1er Pack (1 x 1 kg) & Rinder Kraftbouillon (vielseitig anwendbare Rinderbrühe, würziger Geschmack) 1er Pack (1 x 1kg)"
"808",NA,"Knorr Hühner Kraftbouillon Hühnerbrühe (mit kräftigem Huhngeschmack) 1er Pack (1 x 1 kg) & Delikatess Sauce zu Braten (pur als Bratensoße, Soßenbinder und zum Verfeinern), 1er Pack (1 x 1 kg)"
"809","8720182427700","Knorr Fix Würzmischung Mac & Cheese One Pot für einen leckeren Nudelauflauf ohne geschmacksverstärkende Zusatzstoffe 36 g 1 Stück"
"810",NA,"Knorr Rinder Kraftbouillon (vielseitig anwendbare Rinderbrühe, würziger Geschmack) 1x1kg & Bratenjus pastös (vielseitig anwendbar als klarer Bratensaft, Bratensoße und braune Soße) 1x0,4 kg"
"811",NA,"Knorr Rinder Kraftbouillon (vielseitig anwendbare Rinderbrühe, würziger Geschmack) 1er Pack (1 x 1kg) & Gemüse Kraftbouillon (Gemüsebrühe mit Suppengrün, rein pflanzlich, vegan) 1er Pack (1 x 1 kg)"
"812",NA,"Mondamin Shaker Pfannkuchen 8er-Pack (8 x 198g) & Waffeln Teig-Mix Flasche für 5-6 Waffeln, 8er-Pack (8 x 230g)"
"813",NA,"Knorr Bundle Soße: Rahm Soße 1,75l, Jäger Soße 2l, Soße zu Braten 2,5l, Soße zu Braten Extra 2,5l"
"814",NA,"KnorrSnack Bar Nudeln in Tomate-Mozzarella-Sauce, 8er Pack (8 x 72 g) & Snack Bar Spaghetti Bolognese, 8er Pack (8 x 68 g)"
"815",NA,"Knorr Kartoffel Snack Speck & Zwiebeln (mit nachhaltig angebauten Kartoffeln), 8er Pack ( 8 x 58g ) & Snack Bar Spaghetti mit Käse Sahne Sauce, 8er Pack (8 x 71 g)"
"816",NA,"KNORR - Rindfleisch Bouillon Pulver, (1 X 1 kg)"
"817",NA,"Knorr Pasta Snack Brokkoli-Käse-Sauce, 8 x 69 g + Knorr Pasta Snack Käse-Sahne-Sauce, 8 x 71 g"
"818","8714100823637","Knorr  Salatkrönung Küchenkräuter für ein leckeres Salatdressing mit natürlichen Zutaten* 5x 3 Portionen"
"819",NA,"Unox Konzentrat Tomaten-Crème Suppe 3 Teller 6x400 ml & Konzentrat Gulasch Suppe 3 Teller, 6er-Pack (6 x 400 ml)"
"820","8720182422392","Knorr  Suppenliebe Marvel Avengers Suppe leckere schnelle Suppe für Kinder und Erwachsene mit natürlichen Zutaten 2 Portionen"
"821","8714100823682","Knorr  Salatkrönung Griechische Art für leckeres Salatdressing mit natürlichen Zutaten* 5x 3 Portionen"
"822",NA,"Lukull Servierfertige Béarnaise Sauce,250 ml (Packung mit 2)"
